latitude,longitude,brightness,scan,track,acq_date,acq_time,satellite,instrument,confidence,version,bright_t31,frpm,daynight,addressen
46.24443,127.04221,304.06,1.55,1.23,2023-04-05 10:38:00,02:38,Terra,MODIS Terra,56,6.1NRT,279.23,10.86,D,"Fengle Township, Bayan County, Harbin City, Heilongjiang Province"
46.45784,125.24369,304.26,1.27,1.12,2023-04-05 10:38:00,02:38,Terra,MODIS Terra,58,6.1NRT,286.21,6.7,D,"Wolitun Town, Anda City, Suihua City, Heilongjiang Province"
46.45484,125.25962,302.99,1.28,1.12,2023-04-05 10:38:00,02:38,Terra,MODIS Terra,38,6.1NRT,285.35,5.17,D,"Wolitun Town, Anda City, Suihua City, Heilongjiang Province"
45.69809,128.43976,300.77,1.89,1.34,2023-04-05 10:38:00,02:38,Terra,MODIS Terra,41,6.1NRT,272.02,15.23,D,"Liutuan Town, Yanshou County, Harbin City, Heilongjiang Province"
46.03281,126.62846,302.4,1.5,1.21,2023-04-05 10:38:00,02:38,Terra,MODIS Terra,51,6.1NRT,281.62,7.31,D,"Changling Subdistrict, G222 (Hubai Road), Hulan District, Harbin City, Heilongjiang Province"
46.08249,125.34846,304.0,1.31,1.13,2023-04-05 10:38:00,02:38,Terra,MODIS Terra,58,6.1NRT,284.09,7.57,D,"Xingcheng Town, Zhaozhou County, Daqing City, Heilongjiang Province"
45.63712,127.0655,302.54,1.61,1.25,2023-04-05 10:38:00,02:38,Terra,MODIS Terra,53,6.1NRT,272.49,12.9,D,"Biaodian Subdistrict, Acheng District, Harbin City, Heilongjiang Province"
45.89323,125.56785,313.11,1.35,1.15,2023-04-05 10:38:00,02:38,Terra,MODIS Terra,73,6.1NRT,284.08,15.7,D,"Erjing Town, Zhaozhou County, Daqing City, Heilongjiang Province"
45.8961,125.56335,307.61,1.35,1.15,2023-04-05 10:38:00,02:38,Terra,MODIS Terra,64,6.1NRT,284.17,10.0,D,"Yuejin Township, Zhaodong City, Suihua City, Heilongjiang Province"
48.01267,124.27775,308.89,1.11,1.05,2023-04-05 10:38:00,02:38,Terra,MODIS Terra,32,6.1NRT,291.89,5.97,D,"Dongyang Town, Gannan County, Qiqihar City, Heilongjiang Province"
46.88708,130.04849,304.74,2.12,1.42,2023-04-05 10:38:00,02:38,Terra,MODIS Terra,60,6.1NRT,286.11,17.79,D,"Wangjiang Town, Jiamusi Suburb, Heilongjiang Province"
48.07166,124.47646,311.76,1.12,1.06,2023-04-05 10:38:00,02:38,Terra,MODIS Terra,62,6.1NRT,289.54,10.9,D,"Xingwang Ewenke Township, Nehe City, Qiqihar City, Heilongjiang Province"
48.20748,123.80023,315.73,1.07,1.03,2023-04-05 10:38:00,02:38,Terra,MODIS Terra,75,6.1NRT,297.04,11.01,D,"Baoshan Township, Gannan County, Qiqihar City, Heilongjiang Province"
46.54823,131.85298,308.87,2.7,1.57,2023-04-05 10:38:00,02:38,Terra,MODIS Terra,65,6.1NRT,290.15,24.64,D,"Qixing Baozhen, Baoqing County, Shuangyashan City, Heilongjiang Province"
47.9141,124.52771,306.83,1.13,1.06,2023-04-05 10:38:00,02:38,Terra,MODIS Terra,60,6.1NRT,289.27,8.02,D,"Erdawan Town, Fuyu County, Qiqihar City, Heilongjiang Province"
48.05482,123.37345,313.74,1.05,1.02,2023-04-05 10:38:00,02:38,Terra,MODIS Terra,74,6.1NRT,292.85,9.21,D,"Xiangyangyu Town, Arongqi, Hulunbeier City, Inner Mongolia Autonomous Region"
47.64889,125.6432,304.99,1.25,1.11,2023-04-05 10:38:00,02:38,Terra,MODIS Terra,60,6.1NRT,292.79,5.52,D,"Baiquan County, Qiqihar City, Heilongjiang Province"
47.86526,124.27058,306.07,1.12,1.05,2023-04-05 10:38:00,02:38,Terra,MODIS Terra,49,6.1NRT,291.09,4.61,D,"Mangetu Dauru Township, Merish Dauru District, Qiqihar City, Heilongjiang Province"
47.86829,124.02856,303.24,1.1,1.04,2023-04-05 10:38:00,02:38,Terra,MODIS Terra,31,6.1NRT,290.89,4.04,D,"Jubao Town, Gannan County, Qiqihar City, Heilongjiang Province"
47.66908,125.14633,309.57,1.2,1.09,2023-04-05 10:38:00,02:38,Terra,MODIS Terra,61,6.1NRT,293.74,9.78,D,"Sanxing Town, Yi 'an County, Qiqihar City, Heilongjiang Province"
47.76568,124.13539,308.86,1.11,1.05,2023-04-05 10:38:00,02:38,Terra,MODIS Terra,66,6.1NRT,289.84,8.07,D,"Mangetu Dauru Township, Merish Dauru District, Qiqihar City, Heilongjiang Province"
47.39809,126.08129,305.18,1.32,1.14,2023-04-05 10:38:00,02:38,Terra,MODIS Terra,61,6.1NRT,290.02,7.2,D,"Xinsheng Township, Baiquan County, Qiqihar City, Heilongjiang Province"
47.87347,123.39705,320.73,1.06,1.03,2023-04-05 10:38:00,02:38,Terra,MODIS Terra,53,6.1NRT,294.67,16.18,D,"Gannan Town, Gannan County, Qiqihar City, Heilongjiang Province"
47.87122,123.41076,324.93,1.06,1.03,2023-04-05 10:38:00,02:38,Terra,MODIS Terra,55,6.1NRT,295.0,19.87,D,"Gannan Town, Gannan County, Qiqihar City, Heilongjiang Province"
47.84879,123.43174,313.89,1.06,1.03,2023-04-05 10:38:00,02:38,Terra,MODIS Terra,53,6.1NRT,290.96,8.62,D,"Gannan Town, Gannan County, Qiqihar City, Heilongjiang Province"
47.83299,123.46979,308.13,1.06,1.03,2023-04-05 10:38:00,02:38,Terra,MODIS Terra,37,6.1NRT,293.57,5.1,D,"Gannan Town, Gannan County, Qiqihar City, Heilongjiang Province"
47.82123,122.97011,302.64,1.04,1.02,2023-04-05 10:38:00,02:38,Terra,MODIS Terra,53,6.1NRT,286.85,2.63,D,"Dahewan Town, Zalantun City, Hulunbeier City, Inner Mongolia Autonomous Region"
47.45378,124.94518,309.89,1.19,1.09,2023-04-05 10:38:00,02:38,Terra,MODIS Terra,68,6.1NRT,290.53,9.69,D,"Shaowen Township, Fuyu County, Qiqihar City, Heilongjiang Province"
47.45102,124.96037,308.59,1.19,1.09,2023-04-05 10:38:00,02:38,Terra,MODIS Terra,66,6.1NRT,292.36,8.29,D,"Sihe Township, Lindian County, Daqing City, Heilongjiang Province"
47.45147,124.84715,306.18,1.18,1.08,2023-04-05 10:38:00,02:38,Terra,MODIS Terra,37,6.1NRT,289.56,6.33,D,"Prosperous breeding farm, Fuyu County, Qiqihar City, Heilongjiang Province"
48.00523,124.28439,312.65,1.11,1.05,2023-04-05 10:38:00,02:38,Terra,MODIS Terra,62,6.1NRT,291.41,10.11,D,"Dongyang Town, Gannan County, Qiqihar City, Heilongjiang Province"
49.18866,126.10386,301.91,1.22,1.1,2023-04-05 10:38:00,02:38,Terra,MODIS Terra,34,6.1NRT,287.53,5.18,D,"Baiyun Township, Nenjiang City, Heihe City, Heilongjiang Province"
49.18756,126.09761,303.82,1.22,1.1,2023-04-05 10:38:00,02:38,Terra,MODIS Terra,40,6.1NRT,288.51,6.8,D,"Baiyun Township, Nenjiang City, Heihe City, Heilongjiang Province"
48.97303,123.92947,307.28,1.06,1.03,2023-04-05 10:38:00,02:38,Terra,MODIS Terra,65,6.1NRT,290.85,5.92,D,"Kuruqi Township, Inner Mongolia Autonomous Region Hulunbeier City Moli Dawa Daur Autonomous Banner"
48.8687,124.26542,309.11,1.08,1.04,2023-04-05 10:38:00,02:38,Terra,MODIS Terra,68,6.1NRT,292.42,7.32,D,"Tawen Aobao Town, Inner Mongolia Autonomous Region Hulunbeier City Moli Dawa Daur Autonomous Banner"
48.86626,124.27969,312.34,1.08,1.04,2023-04-05 10:38:00,02:38,Terra,MODIS Terra,72,6.1NRT,291.7,10.09,D,"Tawen Aobao Town, Inner Mongolia Autonomous Region Hulunbeier City Moli Dawa Daur Autonomous Banner"
47.3297,131.63597,307.66,2.49,1.52,2023-04-05 10:38:00,02:38,Terra,MODIS Terra,66,6.1NRT,288.99,27.39,D,"Fuqiang Township, Suibin County, Hegang City, Heilongjiang Province"
48.63033,125.4801,304.22,1.19,1.08,2023-04-05 10:38:00,02:38,Terra,MODIS Terra,56,6.1NRT,291.25,4.41,D,"Longhe Town, Nehe City, Qiqihar City, Heilongjiang Province"
47.33546,131.63194,304.5,2.49,1.52,2023-04-05 10:38:00,02:38,Terra,MODIS Terra,59,6.1NRT,289.19,19.81,D,"Fuqiang Township, Suibin County, Hegang City, Heilongjiang Province"
48.874,124.01942,308.9,1.07,1.03,2023-04-05 10:38:00,02:38,Terra,MODIS Terra,68,6.1NRT,293.09,6.45,D,"Xiwartu Town, Inner Mongolia Autonomous Region Hulunbeier City Moli Dawa Daur Autonomous Banner"
48.77268,124.06499,312.31,1.07,1.03,2023-04-05 10:38:00,02:38,Terra,MODIS Terra,72,6.1NRT,293.19,9.54,D,"Arla Town, Inner Mongolia Autonomous Region Hulunbeier City Moli Dawa Daur Autonomous Banner"
48.07266,126.01208,303.89,1.27,1.12,2023-04-05 10:38:00,02:38,Terra,MODIS Terra,50,6.1NRT,290.17,5.21,D,"Keshan County, Qiqihar City, Heilongjiang Province, Hebei Province"
47.73365,126.8349,300.96,1.4,1.17,2023-04-05 10:38:00,02:38,Terra,MODIS Terra,20,6.1NRT,285.66,6.64,D,"Haibei Town, Hailun City, Suihua City, Heilongjiang Province"
47.90912,125.87914,305.35,1.27,1.12,2023-04-05 10:38:00,02:38,Terra,MODIS Terra,42,6.1NRT,290.3,6.69,D,"Shuanghe Town, Keshan County, Qiqihar City, Heilongjiang Province"
47.90944,125.87348,307.49,1.27,1.12,2023-04-05 10:38:00,02:38,Terra,MODIS Terra,53,6.1NRT,291.59,8.04,D,"Shuanghe Town, Keshan County, Qiqihar City, Heilongjiang Province"
47.85556,125.93866,309.03,1.28,1.12,2023-04-05 10:38:00,02:38,Terra,MODIS Terra,68,6.1NRT,292.46,9.42,D,"Xingnong Town, S211, Baiquan County, Qiqihar City, Heilongjiang Province"
46.55321,131.89304,306.49,2.71,1.58,2023-04-05 10:38:00,02:38,Terra,MODIS Terra,39,6.1NRT,288.72,19.35,D,"Qixing Baozhen, Baoqing County, Shuangyashan City, Heilongjiang Province"
48.26713,123.55714,309.55,1.06,1.03,2023-04-05 10:38:00,02:38,Terra,MODIS Terra,68,6.1NRT,292.88,6.45,D,"Naji Town, Aerongqi, Hulunbeier City, Inner Mongolia Autonomous Region"
48.26485,123.57091,307.03,1.06,1.03,2023-04-05 10:38:00,02:38,Terra,MODIS Terra,64,6.1NRT,293.53,4.66,D,"Naji Town, Aerongqi G111, Hulunbeier City, Inner Mongolia Autonomous Region (Jingjia Line)"
47.44873,124.86222,320.84,1.18,1.08,2023-04-05 10:38:00,02:38,Terra,MODIS Terra,80,6.1NRT,289.43,21.28,D,"Shaowen Township, Fuyu County, Qiqihar City, Heilongjiang Province"
47.42833,124.02993,306.89,1.11,1.05,2023-04-05 10:38:00,02:38,Terra,MODIS Terra,64,6.1NRT,279.27,8.15,D,"Jianhua District (Town), Jianhua District, Qiqihar City, Heilongjiang Province"
46.6263,127.32122,304.49,1.57,1.23,2023-04-05 10:38:00,02:38,Terra,MODIS Terra,26,6.1NRT,283.59,8.99,D,"Tianzeng Town, Bayan County, Harbin City, Heilongjiang Province"
46.74047,126.53844,304.06,1.43,1.18,2023-04-05 10:38:00,02:38,Terra,MODIS Terra,43,6.1NRT,286.71,5.88,D,"Rocket Town, Wangkui County, Suihua City, Heilongjiang Province"
47.02473,124.94271,308.02,1.21,1.09,2023-04-05 10:38:00,02:38,Terra,MODIS Terra,66,6.1NRT,291.16,6.98,D,"Huayuan Town, Lindian County, Daqing City, Heilongjiang Province"
47.18795,123.90701,306.48,1.11,1.05,2023-04-05 10:38:00,02:38,Terra,MODIS Terra,60,6.1NRT,276.68,8.75,D,"Damin Street, Longsha District, Qiqihar City, Heilongjiang Province"
46.05753,129.5565,303.64,2.12,1.41,2023-04-05 10:38:00,02:38,Terra,MODIS Terra,39,6.1NRT,277.58,18.54,D,"Jiangwan Town, Yilan County, Harbin City, Heilongjiang Province"
46.00944,129.47636,302.35,2.1,1.41,2023-04-05 10:38:00,02:38,Terra,MODIS Terra,41,6.1NRT,277.01,17.4,D,"Dalianhe Town, Yilan County, Harbin City, Heilongjiang Province"
46.00836,129.47023,302.12,2.1,1.41,2023-04-05 10:38:00,02:38,Terra,MODIS Terra,51,6.1NRT,276.44,18.38,D,"Dalianhe Town, Yilan County, Harbin City, Heilongjiang Province"
46.50766,126.86411,303.74,1.5,1.21,2023-04-05 10:38:00,02:38,Terra,MODIS Terra,26,6.1NRT,287.02,7.47,D,"Baoshan Town, Beilin District, Suihua City, Heilongjiang Province"
46.25106,127.98353,304.36,1.73,1.29,2023-04-05 10:38:00,02:38,Terra,MODIS Terra,51,6.1NRT,276.81,15.87,D,"Dagui Town, Mulan County, Harbin City, Heilongjiang Province"
46.38614,127.2198,311.8,1.57,1.24,2023-04-05 10:38:00,02:38,Terra,MODIS Terra,72,6.1NRT,283.16,21.64,D,"Xinglong Town, Bayan County, Harbin City, Heilongjiang Province"
46.38214,127.23932,303.02,1.58,1.24,2023-04-05 10:38:00,02:38,Terra,MODIS Terra,55,6.1NRT,282.48,10.92,D,"Xinglong Town, Bayan County, Harbin City, Heilongjiang Province"
47.03596,123.64516,303.07,1.1,1.04,2023-04-05 10:38:00,02:38,Terra,MODIS Terra,0,6.1NRT,276.69,6.71,D,"Tangchi Town, Tailai County, Qiqihar City, Heilongjiang Province"
46.53019,126.3365,305.56,1.42,1.18,2023-04-05 10:38:00,02:38,Terra,MODIS Terra,62,6.1NRT,289.27,7.17,D,"Changsheng Town, Qinggang County, Suihua City, Heilongjiang Province"
47.06311,123.09612,308.15,1.06,1.03,2023-04-05 10:38:00,02:38,Terra,MODIS Terra,67,6.1NRT,271.5,9.54,D,"Jingxing Town, Longjiang County, Qiqihar City, Heilongjiang Province"
46.27748,127.06269,300.36,1.55,1.23,2023-04-05 10:38:00,02:38,Terra,MODIS Terra,26,6.1NRT,278.5,6.94,D,"Fengle Township, Bayan County, Harbin City, Heilongjiang Province"
46.20398,127.41592,301.48,1.62,1.25,2023-04-05 10:38:00,02:38,Terra,MODIS Terra,25,6.1NRT,274.72,8.17,D,"Huashan Township, Bayan County, Harbin City, Heilongjiang Province"
46.21174,127.26754,300.52,1.6,1.24,2023-04-05 10:38:00,02:38,Terra,MODIS Terra,38,6.1NRT,277.17,9.09,D,"Longmiao Town, Bayan County, Harbin City, Heilongjiang Province"
46.59302,125.30239,302.87,1.27,1.12,2023-04-05 10:38:00,02:38,Terra,MODIS Terra,24,6.1NRT,284.03,7.07,D,"Wolitun Town, Anda City, Suihua City, Heilongjiang Province"
46.17876,127.4202,301.34,1.63,1.26,2023-04-05 10:38:00,02:38,Terra,MODIS Terra,23,6.1NRT,273.71,8.62,D,"Longquan Town, Bayan County, Harbin City, Heilongjiang Province"
46.3749,126.16553,302.8,1.4,1.17,2023-04-05 10:38:00,02:38,Terra,MODIS Terra,54,6.1NRT,285.4,8.29,D,"Pingshan Town, Lanxi County, Suihua City, Heilongjiang Province"
45.53979,124.10545,315.51,1.19,1.09,2023-04-05 10:41:00,02:41,Terra,MODIS Terra,35,6.1NRT,280.27,13.13,D,"Taishan Town, Da 'an City, Baicheng City, Jilin Province"
45.56918,124.05356,301.04,1.19,1.08,2023-04-05 10:41:00,02:41,Terra,MODIS Terra,27,6.1NRT,278.09,3.64,D,"Taishan Town, Da 'an City, Baicheng City, Jilin Province"
45.62054,123.76411,304.67,1.16,1.07,2023-04-05 10:41:00,02:41,Terra,MODIS Terra,52,6.1NRT,279.77,6.0,D,"Anguang Town, Da 'an City, Baicheng City, Jilin Province"
45.65907,123.65675,303.84,1.14,1.07,2023-04-05 10:41:00,02:41,Terra,MODIS Terra,38,6.1NRT,276.54,5.25,D,"Harvest Town, Da 'an City, Baicheng, Jilin Province"
44.399,126.3004,322.12,1.58,1.24,2023-04-05 10:41:00,02:41,Terra,MODIS Terra,0,6.1NRT,266.38,44.39,D,"Tamu Town, Jiutai District, Changchun City, Jilin Province"
44.47258,126.04743,317.53,1.53,1.22,2023-04-05 10:41:00,02:41,Terra,MODIS Terra,62,6.1NRT,271.0,28.14,D,"Wutai Township, Dehui City, Changchun City, Jilin Province"
45.16996,122.63194,301.1,1.08,1.04,2023-04-05 10:41:00,02:41,Terra,MODIS Terra,38,6.1NRT,277.66,4.59,D,"Anding Town, Bainan City, Jilin Province"
45.1286,123.47879,308.45,1.15,1.07,2023-04-05 10:41:00,02:41,Terra,MODIS Terra,38,6.1NRT,277.39,11.5,D,"Dagangzi Town, Da 'an City, Baicheng City, Jilin Province"
45.1744,123.47054,302.44,1.15,1.07,2023-04-05 10:41:00,02:41,Terra,MODIS Terra,42,6.1NRT,284.28,5.03,D,"Dagangzi Town, Da 'an City, Baicheng City, Jilin Province"
45.21313,123.94788,302.43,1.19,1.09,2023-04-05 10:41:00,02:41,Terra,MODIS Terra,18,6.1NRT,272.62,6.63,D,"Yuzi Township, Qian 'an County, Songyuan City, Jilin Province"
45.33202,123.58301,303.79,1.15,1.07,2023-04-05 10:41:00,02:41,Terra,MODIS Terra,51,6.1NRT,269.54,7.56,D,"Xinping 'an Town, Da 'an City, Baicheng City, Jilin Province"
45.46542,122.8119,313.1,1.08,1.04,2023-04-05 10:41:00,02:41,Terra,MODIS Terra,15,6.1NRT,282.63,9.84,D,"Private Economic Development Zone (Special Town), Baicheng, Jilin Province"
45.49257,122.76436,314.1,1.08,1.04,2023-04-05 10:41:00,02:41,Terra,MODIS Terra,69,6.1NRT,289.81,11.02,D,"Jinxiang Township, Baicheng District, Jilin Province"
45.36171,123.63863,319.79,1.15,1.07,2023-04-05 10:41:00,02:41,Terra,MODIS Terra,57,6.1NRT,273.43,22.22,D,"Xinping 'an Town, Da 'an City, Baicheng City, Jilin Province"
45.50167,122.8241,323.22,1.08,1.04,2023-04-05 10:41:00,02:41,Terra,MODIS Terra,66,6.1NRT,286.8,20.05,D,"Private Economic Development Zone (Special Town), Baicheng, Jilin Province"
45.62277,124.11014,301.8,1.19,1.08,2023-04-05 10:41:00,02:41,Terra,MODIS Terra,23,6.1NRT,274.12,6.17,D,"Taishan Town, Da 'an City, Baicheng City, Jilin Province"
45.58059,124.21474,307.03,1.2,1.09,2023-04-05 10:41:00,02:41,Terra,MODIS Terra,29,6.1NRT,279.36,8.55,D,"Taishan Town, Da 'an City, Baicheng City, Jilin Province"
45.58959,124.10781,305.21,1.19,1.09,2023-04-05 10:41:00,02:41,Terra,MODIS Terra,38,6.1NRT,280.33,7.68,D,"Taishan Town, Da 'an City, Baicheng City, Jilin Province"
42.2993,119.86449,306.01,1.01,1.0,2023-04-05 10:43:00,02:43,Terra,MODIS Terra,52,6.1NRT,289.88,4.18,D,"Xinhui Town, Aohanqi, Chifeng City, Inner Mongolia Autonomous Region"
30.40766,116.67523,300.73,1.02,1.01,2023-04-05 10:45:00,02:45,Terra,MODIS Terra,19,6.1NRT,287.03,1.95,D,"Shipai Town, Tongma Dike, Huaining County, Anqing City, Anhui Province"
31.06642,114.45516,317.66,1.05,1.02,2023-04-05 10:45:00,02:45,Terra,MODIS Terra,0,6.1NRT,289.58,15.95,D,"Mulanxiang, Huangpi District, Wuhan City, Hubei Province Fire Tower Line"
25.12744,106.45496,317.4,2.64,1.56,2023-04-05 10:47:00,02:47,Terra,MODIS Terra,59,6.1NRT,300.84,26.22,D,"Anwu Town, Wangmu County, Buyi and Miao Autonomous Prefecture, Southwest Guizhou Province"
20.53545,110.21962,330.19,1.25,1.11,2023-04-05 10:47:00,02:47,Terra,MODIS Terra,83,6.1NRT,300.12,27.31,D,"Xiaqiao Town, Xuwen County, Zhanjiang City, Guangdong Province"
22.80369,103.66222,313.91,3.97,1.85,2023-04-05 10:47:00,02:47,Terra,MODIS Terra,64,6.1NRT,297.33,51.47,D,"Yaoshan Township, Honghe Hani and Yi Autonomous Prefecture, Hekou Yao Autonomous County, Yunnan Province"
46.83874,87.79413,318.21,1.97,1.37,2023-04-05 12:19:00,04:19,Terra,MODIS Terra,77,6.1NRT,289.91,37.4,D,"Kalamagai Town, Fuhai County, Altai District, Xinjiang Uygur Autonomous Region"
46.79483,87.89104,307.57,1.95,1.36,2023-04-05 12:19:00,04:19,Terra,MODIS Terra,63,6.1NRT,291.03,12.8,D,"Legion 182, Fuhai County, Altai District, Xinjiang Uygur Autonomous Region"
46.05573,129.66412,300.89,1.01,1.0,2023-04-05 12:29:00,04:29,Aqua,MODIS Aqua,43,6.1NRT,271.94,5.29,D,"Jiangwan Town, Yilan County, Harbin City, Heilongjiang Province"
46.44718,132.34496,310.19,1.06,1.03,2023-04-05 12:29:00,04:29,Aqua,MODIS Aqua,67,6.1NRT,288.79,7.52,D,"Jianshanzi Township, Baoqing County, Shuangyashan City, Heilongjiang Province"
46.05779,129.55667,322.32,1.01,1.0,2023-04-05 12:29:00,04:29,Aqua,MODIS Aqua,71,6.1NRT,276.48,19.84,D,"Jiangwan Town, Yilan County, Harbin City, Heilongjiang Province"
46.42531,132.09975,308.88,1.05,1.02,2023-04-05 12:29:00,04:29,Aqua,MODIS Aqua,63,6.1NRT,287.93,5.89,D,"Baoqing Town, Baoqing County, Shuangyashan City, Heilongjiang Province"
46.12341,129.56236,301.77,1.01,1.0,2023-04-05 12:29:00,04:29,Aqua,MODIS Aqua,43,6.1NRT,271.79,4.39,D,"Jiangwan Town, Yilan County, Harbin City, Heilongjiang Province"
46.13426,129.51343,301.18,1.01,1.0,2023-04-05 12:29:00,04:29,Aqua,MODIS Aqua,40,6.1NRT,277.2,3.87,D,"Dalianhe Town, Yilan County, Harbin City, Heilongjiang Province"
46.466,131.78014,313.22,1.03,1.02,2023-04-05 12:29:00,04:29,Aqua,MODIS Aqua,42,6.1NRT,284.27,9.8,D,"Qixing Baozhen, Baoqing County, Shuangyashan City, Heilongjiang Province"
46.46803,131.72484,305.32,1.03,1.01,2023-04-05 12:29:00,04:29,Aqua,MODIS Aqua,52,6.1NRT,284.2,5.3,D,"Qixing Baozhen, Baoqing County, Shuangyashan City, Heilongjiang Province"
46.57132,132.30626,306.27,1.06,1.03,2023-04-05 12:29:00,04:29,Aqua,MODIS Aqua,63,6.1NRT,289.32,5.67,D,"Qingyuan Town, Baoqing County, Shuangyashan City, Heilongjiang Province"
46.5696,132.29266,307.29,1.06,1.03,2023-04-05 12:29:00,04:29,Aqua,MODIS Aqua,65,6.1NRT,290.56,6.25,D,"Qingyuan Town, Baoqing County, Shuangyashan City, Heilongjiang Province"
46.56441,132.25194,309.99,1.06,1.03,2023-04-05 12:29:00,04:29,Aqua,MODIS Aqua,69,6.1NRT,289.94,7.89,D,"Qingyuan Town, Baoqing County, Shuangyashan City, Heilongjiang Province"
46.55922,132.2113,310.62,1.05,1.03,2023-04-05 12:29:00,04:29,Aqua,MODIS Aqua,70,6.1NRT,286.79,7.81,D,"Qingyuan Town, Baoqing County, Shuangyashan City, Heilongjiang Province"
46.49316,131.70419,309.09,1.03,1.01,2023-04-05 12:29:00,04:29,Aqua,MODIS Aqua,68,6.1NRT,286.97,7.28,D,"Qixing Baozhen, Baoqing County, Shuangyashan City, Heilongjiang Province"
46.54807,131.90868,329.37,1.04,1.02,2023-04-05 12:29:00,04:29,Aqua,MODIS Aqua,86,6.1NRT,288.34,24.43,D,"Qixing Baozhen, Baoqing County, Shuangyashan City, Heilongjiang Province"
46.54631,131.89536,315.67,1.04,1.02,2023-04-05 12:29:00,04:29,Aqua,MODIS Aqua,12,6.1NRT,289.18,9.68,D,"Qixing Baozhen, Baoqing County, Shuangyashan City, Heilongjiang Province"
46.55754,131.91299,345.19,1.04,1.02,2023-04-05 12:29:00,04:29,Aqua,MODIS Aqua,89,6.1NRT,291.47,52.13,D,"Qixing Baozhen, Baoqing County, Shuangyashan City, Heilongjiang Province"
46.55582,131.89966,319.11,1.04,1.02,2023-04-05 12:29:00,04:29,Aqua,MODIS Aqua,79,6.1NRT,290.26,14.74,D,"Qixing Baozhen, Baoqing County, Shuangyashan City, Heilongjiang Province"
46.55409,131.88634,315.86,1.04,1.02,2023-04-05 12:29:00,04:29,Aqua,MODIS Aqua,76,6.1NRT,291.3,11.8,D,"Qixing Baozhen, Baoqing County, Shuangyashan City, Heilongjiang Province"
45.98684,128.07269,302.91,1.07,1.03,2023-04-05 12:29:00,04:29,Aqua,MODIS Aqua,51,6.1NRT,273.21,7.34,D,"Jianguo Township, Mulan County, Harbin City, Heilongjiang Province"
45.98446,127.94498,300.83,1.08,1.04,2023-04-05 12:29:00,04:29,Aqua,MODIS Aqua,32,6.1NRT,267.11,5.86,D,"Jixing Township, Mulan County, Harbin City, Heilongjiang Province"
46.0324,127.79321,305.4,1.09,1.04,2023-04-05 12:29:00,04:29,Aqua,MODIS Aqua,61,6.1NRT,274.11,9.58,D,"Liuhe Town, Mulan County, Harbin City, Heilongjiang Province"
46.03006,127.77954,306.83,1.09,1.04,2023-04-05 12:29:00,04:29,Aqua,MODIS Aqua,61,6.1NRT,274.98,10.61,D,"Liuhe Town, Mulan County, Harbin City, Heilongjiang Province"
45.62625,125.51376,300.22,1.34,1.15,2023-04-05 12:29:00,04:29,Aqua,MODIS Aqua,26,6.1NRT,275.75,5.53,D,"Tougu Township, Zhaozhou County, Daqing City, Heilongjiang Province"
46.05687,127.65364,301.83,1.1,1.04,2023-04-05 12:29:00,04:29,Aqua,MODIS Aqua,41,6.1NRT,272.91,5.71,D,"Liuhe Town, Mulan County, Harbin City, Heilongjiang Province"
46.4236,129.76967,302.54,1.0,1.0,2023-04-05 12:29:00,04:29,Aqua,MODIS Aqua,41,6.1NRT,277.81,3.88,D,"Yugong Township, Yilan County, Harbin City, Heilongjiang Province"
46.42168,129.7569,308.5,1.0,1.0,2023-04-05 12:29:00,04:29,Aqua,MODIS Aqua,67,6.1NRT,275.81,7.77,D,"Yugong Township, Yilan County, Harbin City, Heilongjiang Province"
46.43048,129.75414,304.72,1.0,1.0,2023-04-05 12:29:00,04:29,Aqua,MODIS Aqua,46,6.1NRT,275.75,5.12,D,"Yugong Township, Yilan County, Harbin City, Heilongjiang Province"
46.0984,127.57333,300.24,1.1,1.05,2023-04-05 12:29:00,04:29,Aqua,MODIS Aqua,33,6.1NRT,273.41,5.78,D,"Liuhe Town, Mulan County, Harbin City, Heilongjiang Province"
46.06212,127.36433,301.61,1.12,1.05,2023-04-05 12:29:00,04:29,Aqua,MODIS Aqua,45,6.1NRT,271.96,6.19,D,"Bayan Town, Bayan County, Harbin City, Heilongjiang Province"
46.45516,129.7262,301.17,1.0,1.0,2023-04-05 12:29:00,04:29,Aqua,MODIS Aqua,45,6.1NRT,279.42,4.2,D,"Hongkeli Town, Yilan County, Harbin City, Heilongjiang Province"
46.48233,129.78439,303.29,1.0,1.0,2023-04-05 12:29:00,04:29,Aqua,MODIS Aqua,29,6.1NRT,280.43,4.36,D,"Hongkeli Town, Yilan County, Harbin City, Heilongjiang Province"
46.48042,129.77164,303.88,1.0,1.0,2023-04-05 12:29:00,04:29,Aqua,MODIS Aqua,32,6.1NRT,280.9,4.76,D,"Hongkeli Town, Yilan County, Harbin City, Heilongjiang Province"
46.50635,129.88364,303.21,1.0,1.0,2023-04-05 12:29:00,04:29,Aqua,MODIS Aqua,55,6.1NRT,284.61,4.36,D,"Hongkeli Town, Yilan County, Harbin City, Heilongjiang Province"
46.48922,129.76883,307.61,1.0,1.0,2023-04-05 12:29:00,04:29,Aqua,MODIS Aqua,61,6.1NRT,280.62,7.09,D,"Hongkeli Town, Yilan County, Harbin City, Heilongjiang Province"
46.56155,130.13327,302.61,1.0,1.0,2023-04-05 12:29:00,04:29,Aqua,MODIS Aqua,53,6.1NRT,280.84,5.61,D,"Yugong Township, Yilan County, Harbin City, Heilongjiang Province"
46.12215,127.37237,302.92,1.12,1.05,2023-04-05 12:29:00,04:29,Aqua,MODIS Aqua,54,6.1NRT,271.76,6.89,D,"Bayan Town, Bayan County, Harbin City, Heilongjiang Province"
46.25052,127.9773,312.45,1.07,1.03,2023-04-05 12:29:00,04:29,Aqua,MODIS Aqua,73,6.1NRT,274.52,14.01,D,"Dagui Town, Mulan County, Harbin City, Heilongjiang Province"
46.24824,127.96379,302.95,1.07,1.03,2023-04-05 12:29:00,04:29,Aqua,MODIS Aqua,54,6.1NRT,274.49,6.66,D,"Dagui Town, Mulan County, Harbin City, Heilongjiang Province"
46.15855,127.38372,309.64,1.11,1.05,2023-04-05 12:29:00,04:29,Aqua,MODIS Aqua,69,6.1NRT,275.14,11.06,D,"Longquan Town, Bayan County, Harbin City, Heilongjiang Province"
46.15612,127.36971,316.47,1.12,1.05,2023-04-05 12:29:00,04:29,Aqua,MODIS Aqua,77,6.1NRT,275.02,17.38,D,"Longquan Town, Bayan County, Harbin City, Heilongjiang Province"
46.24805,127.84908,302.42,1.08,1.04,2023-04-05 12:29:00,04:29,Aqua,MODIS Aqua,48,6.1NRT,276.78,6.39,D,"Dagui Town, Mulan County, Harbin City, Heilongjiang Province"
46.24575,127.83545,301.22,1.08,1.04,2023-04-05 12:29:00,04:29,Aqua,MODIS Aqua,45,6.1NRT,273.45,5.78,D,"Dagui Town, Mulan County, Harbin City, Heilongjiang Province"
46.20536,127.48541,302.82,1.1,1.05,2023-04-05 12:29:00,04:29,Aqua,MODIS Aqua,21,6.1NRT,275.32,5.28,D,"Longquan Town, Bayan County, Harbin City, Heilongjiang Province"
46.22165,127.52374,302.6,1.1,1.05,2023-04-05 12:29:00,04:29,Aqua,MODIS Aqua,39,6.1NRT,275.93,6.27,D,"Longquan Town, Bayan County, Harbin City, Heilongjiang Province"
46.20732,127.44023,311.05,1.11,1.05,2023-04-05 12:29:00,04:29,Aqua,MODIS Aqua,70,6.1NRT,277.56,11.21,D,"Longquan Town, Bayan County, Harbin City, Heilongjiang Province"
46.18008,127.22625,301.38,1.13,1.06,2023-04-05 12:29:00,04:29,Aqua,MODIS Aqua,31,6.1NRT,275.11,4.86,D,"Xiji Town, Bayan County, Harbin City, Heilongjiang Province"
46.17762,127.21208,300.08,1.13,1.06,2023-04-05 12:29:00,04:29,Aqua,MODIS Aqua,15,6.1NRT,274.09,3.72,D,"Xiji Town, Bayan County, Harbin City, Heilongjiang Province"
46.18931,127.22291,302.28,1.13,1.06,2023-04-05 12:29:00,04:29,Aqua,MODIS Aqua,36,6.1NRT,274.27,5.15,D,"Xiji Town, Bayan County, Harbin City, Heilongjiang Province"
45.13579,130.03239,302.8,1.01,1.0,2023-04-05 12:29:00,04:29,Aqua,MODIS Aqua,49,6.1NRT,281.18,5.58,D,"Longjiao Town, Linkou County, Mudanjiang City, Heilongjiang Province"
45.30573,126.98841,310.34,1.18,1.08,2023-04-05 12:29:00,04:29,Aqua,MODIS Aqua,0,6.1NRT,267.02,14.79,D,"Xinglong Township, Wuchang City, Harbin City, Heilongjiang Province"
45.89938,130.0504,308.85,1.0,1.0,2023-04-05 12:29:00,04:29,Aqua,MODIS Aqua,68,6.1NRT,271.28,9.33,D,"Diaoling Town, Linkou County, Mudanjiang City, Heilongjiang Province"
46.25343,132.26955,309.79,1.05,1.02,2023-04-05 12:29:00,04:29,Aqua,MODIS Aqua,62,6.1NRT,288.13,7.02,D,"Wanjinshan Township, Baoqing County, Shuangyashan City, Heilongjiang Province"
46.25172,132.25613,325.2,1.05,1.02,2023-04-05 12:29:00,04:29,Aqua,MODIS Aqua,84,6.1NRT,290.25,22.74,D,"Wanjinshan Township, Baoqing County, Shuangyashan City, Heilongjiang Province"
46.25001,132.24274,306.5,1.05,1.02,2023-04-05 12:29:00,04:29,Aqua,MODIS Aqua,39,6.1NRT,288.04,4.89,D,"Jiaxinzi Town, Baoqing County, Shuangyashan City, Heilongjiang Province"
46.31428,132.37868,306.21,1.06,1.03,2023-04-05 12:29:00,04:29,Aqua,MODIS Aqua,53,6.1NRT,290.99,4.04,D,"Wanjinshan Township, Baoqing County, Shuangyashan City, Heilongjiang Province"
46.30738,132.32468,321.56,1.06,1.03,2023-04-05 12:29:00,04:29,Aqua,MODIS Aqua,81,6.1NRT,291.48,14.48,D,"Wanjinshan Township, Baoqing County, Shuangyashan City, Heilongjiang Province"
46.30564,132.31117,324.79,1.05,1.03,2023-04-05 12:29:00,04:29,Aqua,MODIS Aqua,80,6.1NRT,292.83,17.77,D,"Wanjinshan Township, Baoqing County, Shuangyashan City, Heilongjiang Province"
46.32817,132.28569,318.79,1.05,1.03,2023-04-05 12:29:00,04:29,Aqua,MODIS Aqua,63,6.1NRT,293.71,12.73,D,"Wanjinshan Township, Baoqing County, Shuangyashan City, Heilongjiang Province"
46.33723,132.28322,315.58,1.05,1.03,2023-04-05 12:29:00,04:29,Aqua,MODIS Aqua,38,6.1NRT,295.2,9.46,D,"Wanjinshan Township, Baoqing County, Shuangyashan City, Heilongjiang Province"
46.2466,127.40446,320.11,1.11,1.05,2023-04-05 12:29:00,04:29,Aqua,MODIS Aqua,80,6.1NRT,276.08,21.93,D,"Huashan Township, Bayan County, Harbin City, Heilongjiang Province"
46.29399,127.62286,303.13,1.09,1.04,2023-04-05 12:29:00,04:29,Aqua,MODIS Aqua,18,6.1NRT,278.17,5.47,D,"Xinmin Town, Mulan County, Harbin City, Heilongjiang Province"
45.29397,122.45574,310.82,1.93,1.36,2023-04-05 12:29:00,04:29,Aqua,MODIS Aqua,48,6.1NRT,291.11,20.47,D,"Hoho Cheli Mongolian Ethnic Township, Bainan City, Jilin Province"
46.24264,127.04499,305.07,1.14,1.06,2023-04-05 12:29:00,04:29,Aqua,MODIS Aqua,59,6.1NRT,277.47,6.79,D,"Fengle Township, Bayan County, Harbin City, Heilongjiang Province"
46.3105,127.18147,309.4,1.12,1.06,2023-04-05 12:29:00,04:29,Aqua,MODIS Aqua,69,6.1NRT,283.55,10.58,D,"Fengle Township, Bayan County, Harbin City, Heilongjiang Province"
46.37803,127.23179,304.01,1.12,1.05,2023-04-05 12:29:00,04:29,Aqua,MODIS Aqua,58,6.1NRT,281.66,6.33,D,"Xinglong Town, Bayan County, Harbin City, Heilongjiang Province"
46.37559,127.21767,304.07,1.12,1.05,2023-04-05 12:29:00,04:29,Aqua,MODIS Aqua,58,6.1NRT,283.08,6.26,D,"Xinglong Town, Bayan County, Harbin City, Heilongjiang Province"
47.06662,130.36255,300.57,1.0,1.0,2023-04-05 12:29:00,04:29,Aqua,MODIS Aqua,30,6.1NRT,282.09,2.65,D,"Xinhua Town, Dongshan District, Hegang City, Heilongjiang Province"
46.61182,127.35103,307.98,1.1,1.05,2023-04-05 12:29:00,04:29,Aqua,MODIS Aqua,61,6.1NRT,281.6,8.66,D,"Shanhou Township, Bayan County, Harbin City, Heilongjiang Province"
46.6094,127.33704,308.05,1.1,1.05,2023-04-05 12:29:00,04:29,Aqua,MODIS Aqua,66,6.1NRT,281.28,9.06,D,"Shanhou Township, Bayan County, Harbin City, Heilongjiang Province"
47.29885,131.72641,315.36,1.04,1.02,2023-04-05 12:29:00,04:29,Aqua,MODIS Aqua,76,6.1NRT,291.66,12.35,D,"Beigang Township, Suibin County, Hegang City, Heilongjiang Province"
47.35957,131.9071,304.12,1.05,1.02,2023-04-05 12:29:00,04:29,Aqua,MODIS Aqua,58,6.1NRT,284.7,4.32,D,"Liansheng Township, Suibin County, Hegang City, Heilongjiang Province"
46.739,127.54976,302.15,1.08,1.04,2023-04-05 12:29:00,04:29,Aqua,MODIS Aqua,40,6.1NRT,285.27,5.03,D,"Jianmin Township, Qing 'an County, Suihua City, Heilongjiang Province"
47.42352,131.91216,304.47,1.05,1.03,2023-04-05 12:29:00,04:29,Aqua,MODIS Aqua,59,6.1NRT,289.42,4.95,D,"Liansheng Township, Suibin County, Hegang City, Heilongjiang Province"
46.61467,126.50246,301.09,1.17,1.08,2023-04-05 12:29:00,04:29,Aqua,MODIS Aqua,27,6.1NRT,277.07,3.79,D,"Liangang Township, Beilin District, Suihua City, Heilongjiang Province"
47.4686,131.97093,307.17,1.06,1.03,2023-04-05 12:29:00,04:29,Aqua,MODIS Aqua,65,6.1NRT,290.19,6.43,D,"Zhongren Town, Suibin County, Hegang City, Heilongjiang Province"
47.45449,131.86082,306.75,1.05,1.02,2023-04-05 12:29:00,04:29,Aqua,MODIS Aqua,63,6.1NRT,289.39,5.49,D,"Zhongren Town, Suibin County, Hegang City, Heilongjiang Province"
47.45273,131.84712,308.85,1.05,1.02,2023-04-05 12:29:00,04:29,Aqua,MODIS Aqua,68,6.1NRT,290.32,6.77,D,"Zhongren Town, Suibin County, Hegang City, Heilongjiang Province"
47.47945,131.98221,325.63,1.06,1.03,2023-04-05 12:29:00,04:29,Aqua,MODIS Aqua,84,6.1NRT,289.77,23.86,D,"Zhongren Town, Suibin County, Hegang City, Heilongjiang Province"
47.81292,126.20962,306.77,1.15,1.07,2023-04-05 12:32:00,04:32,Aqua,MODIS Aqua,52,6.1NRT,292.32,5.67,D,"Qianfeng Town, Kedong County, Qiqihar City, Heilongjiang Province"
47.68567,126.47157,306.86,1.13,1.06,2023-04-05 12:32:00,04:32,Aqua,MODIS Aqua,52,6.1NRT,291.89,6.33,D,"Guofu Town, Baiquan County, Qiqihar City, Heilongjiang Province"
47.62617,126.32727,310.46,1.15,1.07,2023-04-05 12:32:00,04:32,Aqua,MODIS Aqua,70,6.1NRT,291.7,8.21,D,"Guofu Town, Baiquan County, Qiqihar City, Heilongjiang Province"
47.62877,126.34203,313.32,1.15,1.07,2023-04-05 12:32:00,04:32,Aqua,MODIS Aqua,74,6.1NRT,293.96,10.78,D,"Guofu Town, Baiquan County, Qiqihar City, Heilongjiang Province"
47.61688,126.33089,366.13,1.15,1.07,2023-04-05 12:32:00,04:32,Aqua,MODIS Aqua,100,6.1NRT,297.34,122.5,D,"Xiangxiang, Baiquan County, Qiqihar City, Heilongjiang Province"
47.61949,126.34562,332.14,1.15,1.07,2023-04-05 12:32:00,04:32,Aqua,MODIS Aqua,83,6.1NRT,293.26,33.9,D,"Guofu Town, Baiquan County, Qiqihar City, Heilongjiang Province"
47.49658,125.83054,309.14,1.2,1.09,2023-04-05 12:32:00,04:32,Aqua,MODIS Aqua,66,6.1NRT,290.85,8.87,D,"Fuqiang Town, Baiquan County, Qiqihar City, Heilongjiang Province"
47.5206,126.01728,306.06,1.18,1.08,2023-04-05 12:32:00,04:32,Aqua,MODIS Aqua,59,6.1NRT,284.67,7.19,D,"Baiquan Town, Baiquan County, Qiqihar City, Heilongjiang Province"
47.03408,123.63337,303.8,1.52,1.22,2023-04-05 12:32:00,04:32,Aqua,MODIS Aqua,0,6.1NRT,282.19,8.77,D,"Tangchi Town, Tailai County, Qiqihar City, Heilongjiang Province"
49.55485,123.74006,306.42,1.31,1.14,2023-04-05 12:32:00,04:32,Aqua,MODIS Aqua,35,6.1NRT,294.37,7.65,D,"Yili Town, Orochun Autonomous Banner, Hulunbeier City, Inner Mongolia Autonomous Region"
49.59103,125.11474,301.04,1.17,1.08,2023-04-05 12:32:00,04:32,Aqua,MODIS Aqua,39,6.1NRT,289.23,3.66,D,"Hongyan Town, Hulunbeier City, Inner Mongolia Autonomous Region Moli Dawa Daur Autonomous Banner Lahong Section"
49.35663,124.51572,307.68,1.24,1.11,2023-04-05 12:32:00,04:32,Aqua,MODIS Aqua,65,6.1NRT,294.96,5.47,D,"Bayan Ewenke Ethnic Township, Inner Mongolia Autonomous Region Hulunbuir City Moly Dawa Daur Autonomous Banner"
49.35968,124.53201,310.3,1.24,1.11,2023-04-05 12:32:00,04:32,Aqua,MODIS Aqua,70,6.1NRT,296.14,7.78,D,"Bayan Ewenke Ethnic Township, Inner Mongolia Autonomous Region Hulunbuir City Moly Dawa Daur Autonomous Banner"
49.20995,124.51678,318.14,1.25,1.11,2023-04-05 12:32:00,04:32,Aqua,MODIS Aqua,78,6.1NRT,292.25,18.67,D,"Tengke Town, Inner Mongolia Autonomous Region Hulunbeier City Moli Dawa Daur Autonomous Banner"
48.86293,125.99976,311.35,1.13,1.06,2023-04-05 12:32:00,04:32,Aqua,MODIS Aqua,71,6.1NRT,294.21,10.59,D,"Chaoyangshan Town, Wudalianchi City, Heihe City, Heilongjiang Province"
47.8327,123.49551,315.62,1.47,1.2,2023-04-05 12:32:00,04:32,Aqua,MODIS Aqua,76,6.1NRT,284.49,22.14,D,"Gannan Town, Gannan County, Qiqihar City, Heilongjiang Province"
48.34558,126.54135,307.68,1.1,1.05,2023-04-05 12:32:00,04:32,Aqua,MODIS Aqua,66,6.1NRT,292.69,6.45,D,"Urban Countryside, Heihe City, Heilongjiang Province, Bei 'an City"
48.3481,126.55577,305.82,1.1,1.05,2023-04-05 12:32:00,04:32,Aqua,MODIS Aqua,62,6.1NRT,293.53,5.14,D,"Urban Countryside, Heihe City, Heilongjiang Province, Bei 'an City"
47.65358,123.14346,301.28,1.55,1.23,2023-04-05 12:32:00,04:32,Aqua,MODIS Aqua,36,6.1NRT,280.57,6.4,D,"Zhongxing Township, Gannan County, Qiqihar City, Heilongjiang Province"
48.05392,125.84743,305.4,1.17,1.08,2023-04-05 12:32:00,04:32,Aqua,MODIS Aqua,44,6.1NRT,284.19,6.71,D,"Keshan Town, S211, Keshan County, Qiqihar City, Heilongjiang Province"
48.07458,126.01688,303.07,1.16,1.07,2023-04-05 12:32:00,04:32,Aqua,MODIS Aqua,55,6.1NRT,287.8,4.31,D,"Keshan County, Qiqihar City, Heilongjiang Province, Hebei Province"
48.1533,126.45912,310.31,1.12,1.05,2023-04-05 12:32:00,04:32,Aqua,MODIS Aqua,70,6.1NRT,292.09,9.02,D,"Yugang Town, Kedong County, Qiqihar City, Heilongjiang Province"
47.9861,126.24002,304.21,1.14,1.06,2023-04-05 12:32:00,04:32,Aqua,MODIS Aqua,58,6.1NRT,289.06,4.17,D,"Runjin Township, Kedong County, Qiqihar City, Heilongjiang Province"
47.55711,124.5473,301.85,1.34,1.15,2023-04-05 12:32:00,04:32,Aqua,MODIS Aqua,31,6.1NRT,284.47,5.56,D,"Longanqiao Town, Fuyu County, Qiqihar City, Heilongjiang Province"
18.83909,108.69051,325.0,1.57,1.23,2023-04-05 14:01:00,06:01,Aqua,MODIS Aqua,50,6.1NRT,303.93,18.96,D,"Gancheng Town, Dongfang City, Hainan Province"
20.67134,110.19244,321.03,1.19,1.08,2023-04-05 14:01:00,06:01,Aqua,MODIS Aqua,54,6.1NRT,301.73,7.56,D,"Shifeng Town, Leizhou City, Zhanjiang City, Guangdong Province"
20.66955,110.1813,327.16,1.19,1.08,2023-04-05 14:01:00,06:01,Aqua,MODIS Aqua,80,6.1NRT,301.79,15.8,D,"Shifeng Town, Leizhou City, Zhanjiang City, Guangdong Province"
21.44587,110.01575,316.21,1.18,1.08,2023-04-05 14:01:00,06:01,Aqua,MODIS Aqua,64,6.1NRT,297.74,8.39,D,"Anpu Town, Lianjiang City, Zhanjiang City, Guangdong Province Y951 (Huanshi Road)"
22.75362,107.84008,320.32,1.52,1.22,2023-04-05 14:01:00,06:01,Aqua,MODIS Aqua,71,6.1NRT,304.08,11.19,D,"Changping Township, Fusui County, Chongzuo City, Guangxi Zhuang Autonomous Region"
23.65359,107.563,333.47,1.53,1.22,2023-04-05 14:03:00,06:03,Aqua,MODIS Aqua,85,6.1NRT,299.59,50.6,D,"Haicheng Township, Pingguo City, Baise City, Guangxi Zhuang Autonomous Region"
23.43111,106.33031,329.47,1.87,1.34,2023-04-05 14:03:00,06:03,Aqua,MODIS Aqua,82,6.1NRT,304.77,52.51,D,"Jingdezhen, Maxin Line, Debao County, Baise City, Guangxi Zhuang Autonomous Region"
23.44802,104.16053,325.15,2.69,1.57,2023-04-05 14:03:00,06:03,Aqua,MODIS Aqua,57,6.1NRT,309.27,37.21,D,"Matang Town, Wenshan City, Wenshan Zhuang and Miao Autonomous Prefecture, Yunnan Province"
23.58557,103.24828,325.1,3.11,1.67,2023-04-05 14:03:00,06:03,Aqua,MODIS Aqua,66,6.1NRT,308.47,54.93,D,"Yangjie Township, Kaiyuan City, Honghe Hani and Yi Autonomous Prefecture, Yunnan Province"
26.25292,106.28684,312.23,1.65,1.26,2023-04-05 14:03:00,06:03,Aqua,MODIS Aqua,0,6.1NRT,286.58,14.37,D,"Yangchang Buyi and Miao Township, Pingba District, Anshun City, Guizhou Province"
26.15311,106.05899,319.21,1.72,1.29,2023-04-05 14:03:00,06:03,Aqua,MODIS Aqua,73,6.1NRT,290.4,30.71,D,"Chicken Farm Buyi and Miao Township, Xixiu District, Anshun City, Guizhou Province"
25.1764,108.51675,325.31,1.26,1.11,2023-04-05 14:03:00,06:03,Aqua,MODIS Aqua,75,6.1NRT,292.96,24.41,D,"Dongxing Town, Huanjiang Maonan Autonomous County, Hechi City, Guangxi Zhuang Autonomous Region"
24.47719,105.41325,312.59,2.07,1.4,2023-04-05 14:03:00,06:03,Aqua,MODIS Aqua,44,6.1NRT,302.08,12.03,D,"Yancha Township, X928, Longlin Autonomous County, Baise City, Guangxi Zhuang Autonomous Region"
24.84171,107.75181,326.91,1.41,1.18,2023-04-05 14:03:00,06:03,Aqua,MODIS Aqua,63,6.1NRT,300.25,28.8,D,"Wanling Township, Jinchengjiang District, Hechi City, Guangxi Zhuang Autonomous Region"
24.05978,104.964,317.6,2.28,1.46,2023-04-05 14:03:00,06:03,Aqua,MODIS Aqua,38,6.1NRT,306.57,21.42,D,"Liancheng Town, Guangnan County, Wenshan Zhuang and Miao Autonomous Prefecture, Yunnan Province"
24.06139,104.97091,324.99,2.28,1.46,2023-04-05 14:03:00,06:03,Aqua,MODIS Aqua,66,6.1NRT,306.69,42.2,D,"Liancheng Town, Guangnan County, Wenshan Zhuang and Miao Autonomous Prefecture, Yunnan Province"
23.35221,107.16895,316.78,1.64,1.26,2023-04-05 14:03:00,06:03,Aqua,MODIS Aqua,39,6.1NRT,300.15,12.36,D,"Jiangcheng Town, Tiandong County, Baise City, Guangxi Zhuang Autonomous Region"
23.45503,106.77579,328.69,1.74,1.29,2023-04-05 14:03:00,06:03,Aqua,MODIS Aqua,81,6.1NRT,303.98,41.08,D,"Najia Town, Debao County, Baise City, Guangxi Zhuang Autonomous Region"
43.76182,81.69489,318.24,1.0,1.0,2023-04-05 15:46:00,07:46,Aqua,MODIS Aqua,66,6.1NRT,304.57,6.69,D,"Yingtamu Town, Yining County, Yili Kazakh Autonomous Prefecture, Xinjiang Uygur Autonomous Region"
43.77758,81.48096,319.46,1.0,1.0,2023-04-05 15:46:00,07:46,Aqua,MODIS Aqua,50,6.1NRT,303.54,9.23,D,"Sixty-ninth Regiment of the Corps, Xinjiang Uygur Autonomous Region Ili Kazakh Autonomous Prefecture Chabuchar Xibo Autonomous County"
43.79388,81.03767,317.47,1.01,1.0,2023-04-05 15:46:00,07:46,Aqua,MODIS Aqua,60,6.1NRT,303.54,6.6,D,"Duqi Niulu Township, Xinjiang Uygur Autonomous Region Yili Kazakh Autonomous Prefecture Chabuchar Xibo Autonomous County"
44.60252,82.54113,315.2,1.02,1.01,2023-04-05 15:46:00,07:46,Aqua,MODIS Aqua,63,6.1NRT,300.9,6.36,D,"83rd Regiment of the Corps, Jinghe County, Bortala Mongol Autonomous Prefecture, Xinjiang Uygur Autonomous Region"
46.71623,87.92766,313.56,1.71,1.28,2023-04-05 15:48:00,07:48,Aqua,MODIS Aqua,59,6.1NRT,294.65,14.24,D,"Legion 182, Fuhai County, Altai District, Xinjiang Uygur Autonomous Region"
46.82938,87.79065,325.34,1.69,1.28,2023-04-05 15:48:00,07:48,Aqua,MODIS Aqua,80,6.1NRT,297.6,40.4,D,"Kalamagai Town, Fuhai County, Altai District, Xinjiang Uygur Autonomous Region"
22.40997,99.6973,302.59,1.02,1.01,2023-04-05 23:18:00,15:18,Terra,MODIS Terra,50,6.1NRT,288.2,6.03,N,"Jingxin Township, Jing 'an Highway, Lahu Wa Autonomous County, Menglian Dai, Pu 'er City, Yunnan Province"
23.16778,102.84367,305.48,1.43,1.18,2023-04-05 23:18:00,15:18,Terra,MODIS Terra,64,6.1NRT,294.15,8.74,N,"Nansha Town, Yuanyang County, Honghe Hani and Yi Autonomous Prefecture, Yunnan Province"
24.80188,98.26529,303.2,1.0,1.0,2023-04-05 23:20:00,15:20,Terra,MODIS Terra,45,6.1NRT,285.9,7.99,N,"Hexi Township, Chaomang Line, Lianghe County, Jingpo Autonomous Prefecture, Dehong Dai Nationality, Yunnan Province"
25.85231,105.16177,303.47,2.26,1.46,2023-04-05 23:20:00,15:20,Terra,MODIS Terra,55,6.1NRT,287.36,22.49,N,"Liancheng Street, Qinglong County, Buyi and Miao Autonomous Prefecture, Southwest Guizhou Province"
