latitude,longitude,brightness,scan,track,acq_date,acq_time,satellite,instrument,confidence,version,bright_t31,frp,daynight,addressen
46.55057,127.28086,326.55,0.33,0.55,2023/4/5 11:30,3:30,N,VIIRS Suomi-NPP,n,2.0NRT,278.93,2.1,D,"Tianzeng Town, Bayan County, Harbin City, Heilongjiang Province"
45.61016,129.79453,331.02,0.54,0.51,2023/4/5 11:30,3:30,N,VIIRS Suomi-NPP,n,2.0NRT,270.28,4.32,D,"Lotus Town, Linkou County, Mudanjiang City, Heilongjiang Province"
46.24956,132.25217,325.89,0.41,0.45,2023/4/5 11:30,3:30,N,VIIRS Suomi-NPP,n,2.0NRT,285.32,1.53,D,"Wanjinshan Township, Baoqing County, Shuangyashan City, Heilongjiang Province"
46.29697,132.38226,333.88,0.4,0.44,2023/4/5 11:30,3:30,N,VIIRS Suomi-NPP,n,2.0NRT,290.03,2.32,D,"Jianshanzi Township, Baoqing County, Shuangyashan City, Heilongjiang Province"
46.28465,132.30937,325.37,0.41,0.45,2023/4/5 11:30,3:30,N,VIIRS Suomi-NPP,n,2.0NRT,290.8,1.97,D,"Wanjinshan Township, Baoqing County, Shuangyashan City, Heilongjiang Province"
46.31596,132.35072,342.22,0.4,0.44,2023/4/5 11:30,3:30,N,VIIRS Suomi-NPP,n,2.0NRT,291.49,2.85,D,"Wanjinshan Township, Baoqing County, Shuangyashan City, Heilongjiang Province"
46.32319,132.32492,331.45,0.4,0.45,2023/4/5 11:30,3:30,N,VIIRS Suomi-NPP,n,2.0NRT,289.4,4.15,D,"Wanjinshan Township, Baodian Street, Baoqing County, Shuangyashan City, Heilongjiang Province"
46.32204,132.31984,329.57,0.4,0.45,2023/4/5 11:30,3:30,N,VIIRS Suomi-NPP,n,2.0NRT,289.19,1.7,D,"Wanjinshan Township, Baodian Street, Baoqing County, Shuangyashan City, Heilongjiang Province"
46.32924,132.29376,333.27,0.41,0.45,2023/4/5 11:30,3:30,N,VIIRS Suomi-NPP,n,2.0NRT,288.02,2.51,D,"Wanjinshan Township, Baoqing County, Shuangyashan City, Heilongjiang Province"
46.3378,132.31226,338.71,0.4,0.45,2023/4/5 11:30,3:30,N,VIIRS Suomi-NPP,n,2.0NRT,288.55,4.79,D,"Wanjinshan Township, Baoqing County, Shuangyashan City, Heilongjiang Province"
46.34173,132.31033,341.64,0.4,0.45,2023/4/5 11:30,3:30,N,VIIRS Suomi-NPP,n,2.0NRT,290.75,4.79,D,"Wanjinshan Township, Baoqing County, Shuangyashan City, Heilongjiang Province"
45.84119,130.12491,334.3,0.52,0.5,2023/4/5 11:30,3:30,N,VIIRS Suomi-NPP,n,2.0NRT,280.81,5.43,D,"Diaoling Town, Linkou County, Mudanjiang City, Heilongjiang Province"
46.36967,132.24898,335.51,0.41,0.45,2023/4/5 11:30,3:30,N,VIIRS Suomi-NPP,n,2.0NRT,291.89,3.3,D,"Wanjinshan Township, Baoqing County, Shuangyashan City, Heilongjiang Province"
46.38354,132.21391,336.58,0.41,0.45,2023/4/5 11:30,3:30,N,VIIRS Suomi-NPP,n,2.0NRT,290.55,4.21,D,"Baoqing Town, Baoqing County, Shuangyashan City, Heilongjiang Province"
46.39803,132.25803,335.81,0.4,0.45,2023/4/5 11:30,3:30,N,VIIRS Suomi-NPP,n,2.0NRT,293.14,2.77,D,"Wanjinshan Township, Baoqing County, Shuangyashan City, Heilongjiang Province"
46.41381,132.2505,351.12,0.4,0.45,2023/4/5 11:30,3:30,N,VIIRS Suomi-NPP,n,2.0NRT,297.06,6.1,D,"Qingyuan Town, Baoqing County, Shuangyashan City, Heilongjiang Province"
46.44785,132.285,337.87,0.4,0.44,2023/4/5 11:30,3:30,N,VIIRS Suomi-NPP,n,2.0NRT,289.76,2.18,D,"Qingyuan Town, Baoqing County, Shuangyashan City, Heilongjiang Province"
46.49644,132.42383,341.2,0.4,0.44,2023/4/5 11:30,3:30,N,VIIRS Suomi-NPP,n,2.0NRT,291.46,3,D,"Jianshanzi Township, Baoqing County, Shuangyashan City, Heilongjiang Province"
46.49674,132.42645,340.14,0.4,0.44,2023/4/5 11:30,3:30,N,VIIRS Suomi-NPP,n,2.0NRT,292.54,2.61,D,"Jianshanzi Township, Baoqing County, Shuangyashan City, Heilongjiang Province"
45.931,130.01253,341.86,0.52,0.5,2023/4/5 11:30,3:30,N,VIIRS Suomi-NPP,n,2.0NRT,288.65,10.94,D,"Yilan County Forestry Bureau, Yilan County, Harbin City, Heilongjiang Province"
45.92937,130.00613,328.04,0.52,0.5,2023/4/5 11:30,3:30,N,VIIRS Suomi-NPP,n,2.0NRT,282.21,10.94,D,"Yilan County Forestry Bureau, Yilan County, Harbin City, Heilongjiang Province"
46.52703,132.4453,340.2,0.4,0.44,2023/4/5 11:30,3:30,N,VIIRS Suomi-NPP,n,2.0NRT,291.9,3.42,D,"Jianshanzi Township, Baoqing County, Shuangyashan City, Heilongjiang Province"
46.46185,132.12262,332.69,0.41,0.45,2023/4/5 11:30,3:30,N,VIIRS Suomi-NPP,n,2.0NRT,297.04,1.95,D,"Baoqing Town, X136 Baoqing County, Shuangyashan City, Heilongjiang Province"
46.47136,132.10664,326.3,0.41,0.45,2023/4/5 11:30,3:30,N,VIIRS Suomi-NPP,n,2.0NRT,295.88,1.29,D,"Wuxiuqi Farm, X136 Baoqing County, Shuangyashan City, Heilongjiang Province"
46.4406,131.76152,340,0.42,0.45,2023/4/5 11:30,3:30,N,VIIRS Suomi-NPP,n,2.0NRT,293.21,5.17,D,"Qixing Baozhen, Baoqing County, Shuangyashan City, Heilongjiang Province"
46.43562,131.73999,326.25,0.42,0.46,2023/4/5 11:30,3:30,N,VIIRS Suomi-NPP,n,2.0NRT,289.1,2.19,D,"Qixing Baozhen, Baoqing County, Shuangyashan City, Heilongjiang Province"
46.44943,131.78041,334.78,0.42,0.45,2023/4/5 11:30,3:30,N,VIIRS Suomi-NPP,n,2.0NRT,293.57,3.89,D,"Qixing Baozhen, Baoqing County, Shuangyashan City, Heilongjiang Province"
46.54848,132.19479,331.42,0.4,0.45,2023/4/5 11:30,3:30,N,VIIRS Suomi-NPP,n,2.0NRT,291.17,2.15,D,"Qingyuan Town, Baoqing County, Shuangyashan City, Heilongjiang Province"
46.45466,131.78371,326.47,0.42,0.45,2023/4/5 11:30,3:30,N,VIIRS Suomi-NPP,n,2.0NRT,289.82,4.66,D,"Qixing Baozhen, Baoqing County, Shuangyashan City, Heilongjiang Province"
46.45988,131.78699,329.23,0.42,0.45,2023/4/5 11:30,3:30,N,VIIRS Suomi-NPP,n,2.0NRT,290.95,2.96,D,"Qixing Baozhen, Baoqing County, Shuangyashan City, Heilongjiang Province"
46.55751,132.19611,342.4,0.4,0.45,2023/4/5 11:30,3:30,N,VIIRS Suomi-NPP,n,2.0NRT,294.02,7.95,D,"Qingyuan Town, Baoqing County, Shuangyashan City, Heilongjiang Province"
46.46636,131.79573,335.22,0.42,0.45,2023/4/5 11:30,3:30,N,VIIRS Suomi-NPP,n,2.0NRT,288.99,3.3,D,"Qixing Baozhen, Baoqing County, Shuangyashan City, Heilongjiang Province"
46.46511,131.79031,339.48,0.42,0.45,2023/4/5 11:30,3:30,N,VIIRS Suomi-NPP,n,2.0NRT,291.12,3.3,D,"Qixing Baozhen, Baoqing County, Shuangyashan City, Heilongjiang Province"
46.5504,132.19235,329.52,0.4,0.45,2023/4/5 11:30,3:30,N,VIIRS Suomi-NPP,n,2.0NRT,291.16,4.11,D,"Qingyuan Town, Baoqing County, Shuangyashan City, Heilongjiang Province"
46.4546,131.78256,328.48,0.42,0.45,2023/4/5 11:30,3:30,N,VIIRS Suomi-NPP,n,2.0NRT,290.13,1.73,D,"Qixing Baozhen, Baoqing County, Shuangyashan City, Heilongjiang Province"
46.55553,132.19557,355.15,0.4,0.45,2023/4/5 11:30,3:30,N,VIIRS Suomi-NPP,n,2.0NRT,291.72,4.11,D,"Qingyuan Town, Baoqing County, Shuangyashan City, Heilongjiang Province"
46.45984,131.7858,330.71,0.42,0.45,2023/4/5 11:30,3:30,N,VIIRS Suomi-NPP,n,2.0NRT,290.96,2.7,D,"Qixing Baozhen, Baoqing County, Shuangyashan City, Heilongjiang Province"
46.55946,132.19368,332.31,0.4,0.45,2023/4/5 11:30,3:30,N,VIIRS Suomi-NPP,n,2.0NRT,289.63,2.26,D,"Qingyuan Town, Baoqing County, Shuangyashan City, Heilongjiang Province"
46.46636,131.79448,334.58,0.42,0.45,2023/4/5 11:30,3:30,N,VIIRS Suomi-NPP,n,2.0NRT,289.15,3.61,D,"Qixing Baozhen, Baoqing County, Shuangyashan City, Heilongjiang Province"
46.4651,131.78911,339.55,0.42,0.45,2023/4/5 11:30,3:30,N,VIIRS Suomi-NPP,n,2.0NRT,291.37,4.98,D,"Qixing Baozhen, Baoqing County, Shuangyashan City, Heilongjiang Province"
46.47794,131.72948,348.95,0.42,0.46,2023/4/5 11:30,3:30,N,VIIRS Suomi-NPP,n,2.0NRT,295.62,9.58,D,"Qixing Baozhen, Baoqing County, Shuangyashan City, Heilongjiang Province"
46.53719,131.96436,342.2,0.41,0.45,2023/4/5 11:30,3:30,N,VIIRS Suomi-NPP,n,2.0NRT,298.3,6.81,D,"Wuxiuqi Farm, Baoqing County, Shuangyashan City, Heilongjiang Province"
46.49502,131.74501,328.22,0.42,0.45,2023/4/5 11:30,3:30,N,VIIRS Suomi-NPP,n,2.0NRT,289.64,1.94,D,"Qixing Baozhen, Baoqing County, Shuangyashan City, Heilongjiang Province"
46.54742,131.91287,340.39,0.42,0.45,2023/4/5 11:30,3:30,N,VIIRS Suomi-NPP,n,2.0NRT,293.11,6.56,D,"Qixing Baozhen, Baoqing County, Shuangyashan City, Heilongjiang Province"
46.54621,131.90764,342.67,0.42,0.45,2023/4/5 11:30,3:30,N,VIIRS Suomi-NPP,n,2.0NRT,295.65,6.56,D,"Qixing Baozhen, Baoqing County, Shuangyashan City, Heilongjiang Province"
46.55141,131.91095,334.03,0.42,0.45,2023/4/5 11:30,3:30,N,VIIRS Suomi-NPP,n,2.0NRT,291.14,6.56,D,"Qixing Baozhen, Baoqing County, Shuangyashan City, Heilongjiang Province"
46.5502,131.90572,353.39,0.42,0.45,2023/4/5 11:30,3:30,N,VIIRS Suomi-NPP,n,2.0NRT,295.81,6.56,D,"Qixing Baozhen, Baoqing County, Shuangyashan City, Heilongjiang Province"
46.54536,131.8848,342.14,0.42,0.45,2023/4/5 11:30,3:30,N,VIIRS Suomi-NPP,n,2.0NRT,295.29,4.18,D,"Qixing Baozhen, Y813, Baoqing County, Shuangyashan City, Heilongjiang Province"
46.55418,131.90378,348.43,0.42,0.45,2023/4/5 11:30,3:30,N,VIIRS Suomi-NPP,n,2.0NRT,294.84,7.47,D,"Qixing Baozhen, Baoqing County, Shuangyashan City, Heilongjiang Province"
46.55298,131.89854,341.7,0.42,0.45,2023/4/5 11:30,3:30,N,VIIRS Suomi-NPP,n,2.0NRT,294.79,4.84,D,"Qixing Baozhen, Baoqing County, Shuangyashan City, Heilongjiang Province"
46.56179,131.91754,353.33,0.41,0.45,2023/4/5 11:30,3:30,N,VIIRS Suomi-NPP,n,2.0NRT,294.22,8.95,D,"Wuxiuqi Farm, Baoqing County, Shuangyashan City, Heilongjiang Province"
46.55092,131.87044,349.39,0.42,0.45,2023/4/5 11:30,3:30,N,VIIRS Suomi-NPP,n,2.0NRT,294.18,5.94,D,"Qixing Baozhen, Baoqing County, Shuangyashan City, Heilongjiang Province"
46.54849,131.85992,333.85,0.42,0.45,2023/4/5 11:30,3:30,N,VIIRS Suomi-NPP,n,2.0NRT,293.43,4.92,D,"Qixing Baozhen, Baoqing County, Shuangyashan City, Heilongjiang Province"
46.54728,131.85468,338.45,0.42,0.45,2023/4/5 11:30,3:30,N,VIIRS Suomi-NPP,n,2.0NRT,293.71,2.64,D,"Qixing Baozhen, Baoqing County, Shuangyashan City, Heilongjiang Province"
46.55491,131.86848,356.41,0.42,0.45,2023/4/5 11:30,3:30,N,VIIRS Suomi-NPP,n,2.0NRT,293.85,13.42,D,"Qixing Baozhen, Baoqing County, Shuangyashan City, Heilongjiang Province"
46.5605,131.8542,342.46,0.42,0.45,2023/4/5 11:30,3:30,N,VIIRS Suomi-NPP,n,2.0NRT,294.28,6.99,D,"Qixing Baozhen, Baoqing County, Shuangyashan City, Heilongjiang Province"
46.56209,131.84181,343.23,0.42,0.45,2023/4/5 11:30,3:30,N,VIIRS Suomi-NPP,n,2.0NRT,294.89,5.95,D,"Qixing Baozhen, Baoqing County, Shuangyashan City, Heilongjiang Province"
46.56729,131.84509,330.66,0.42,0.45,2023/4/5 11:30,3:30,N,VIIRS Suomi-NPP,n,2.0NRT,290.53,3.44,D,"Qixing Baozhen, Baoqing County, Shuangyashan City, Heilongjiang Province"
45.99564,129.44406,327.63,0.55,0.51,2023/4/5 11:30,3:30,N,VIIRS Suomi-NPP,n,2.0NRT,279.09,3.78,D,"Yilan County Forestry Bureau, Yilan County, Harbin City, Heilongjiang Province"
46.05728,129.56419,330.46,0.54,0.51,2023/4/5 11:30,3:30,N,VIIRS Suomi-NPP,n,2.0NRT,279.4,6.96,D,"Jiangwan Town, Yilan County, Harbin City, Heilongjiang Province"
46.05555,129.55748,337.68,0.54,0.51,2023/4/5 11:30,3:30,N,VIIRS Suomi-NPP,n,2.0NRT,279.74,5.22,D,"Jiangwan Town, Yilan County, Harbin City, Heilongjiang Province"
46.05382,129.55078,337.99,0.54,0.51,2023/4/5 11:30,3:30,N,VIIRS Suomi-NPP,n,2.0NRT,280.09,5.22,D,"Jiangwan Town, Yilan County, Harbin City, Heilongjiang Province"
46.06173,129.56184,352.27,0.54,0.51,2023/4/5 11:30,3:30,N,VIIRS Suomi-NPP,n,2.0NRT,280.09,6.96,D,"Jiangwan Town, Yilan County, Harbin City, Heilongjiang Province"
46.05999,129.55513,331.48,0.54,0.51,2023/4/5 11:30,3:30,N,VIIRS Suomi-NPP,n,2.0NRT,278.96,5.22,D,"Jiangwan Town, Yilan County, Harbin City, Heilongjiang Province"
46.0679,129.56622,328.69,0.54,0.51,2023/4/5 11:30,3:30,N,VIIRS Suomi-NPP,n,2.0NRT,276.51,3.87,D,"Jiangwan Town, Yilan County, Harbin City, Heilongjiang Province"
46.06616,129.55948,328.2,0.54,0.51,2023/4/5 11:30,3:30,N,VIIRS Suomi-NPP,n,2.0NRT,278.93,3.87,D,"Jiangwan Town, Yilan County, Harbin City, Heilongjiang Province"
46.06443,129.5528,328.09,0.54,0.51,2023/4/5 11:30,3:30,N,VIIRS Suomi-NPP,n,2.0NRT,278.63,3.84,D,"Jiangwan Town, Yilan County, Harbin City, Heilongjiang Province"
46.1041,129.56982,333.27,0.54,0.51,2023/4/5 11:30,3:30,N,VIIRS Suomi-NPP,n,2.0NRT,281.22,4.48,D,"Dalianhe Town, Yilan County, Harbin City, Heilongjiang Province"
46.21345,129.81007,326.04,0.52,0.5,2023/4/5 11:30,3:30,N,VIIRS Suomi-NPP,n,2.0NRT,284.25,2.14,D,"Daotaiqiao Town, Yilan County, Harbin City, Heilongjiang Province"
45.95999,128.10059,330.85,0.63,0.54,2023/4/5 11:30,3:30,N,VIIRS Suomi-NPP,n,2.0NRT,268.36,4.42,D,"Mulan Town, Mulan County, Harbin City, Heilongjiang Province"
46.51477,129.89108,326.4,0.51,0.49,2023/4/5 11:30,3:30,N,VIIRS Suomi-NPP,n,2.0NRT,282.65,4.14,D,"Hongkeli Town, Yilan County, Harbin City, Heilongjiang Province"
46.49024,129.77423,329.36,0.51,0.5,2023/4/5 11:30,3:30,N,VIIRS Suomi-NPP,n,2.0NRT,278.92,3.05,D,"Hongkeli Town, Yilan County, Harbin City, Heilongjiang Province"
46.18364,127.47375,332.86,0.33,0.55,2023/4/5 11:30,3:30,N,VIIRS Suomi-NPP,n,2.0NRT,269.66,2.84,D,"Longquan Town, Bayan County, Harbin City, Heilongjiang Province"
46.16308,127.38029,331.29,0.33,0.56,2023/4/5 11:30,3:30,N,VIIRS Suomi-NPP,n,2.0NRT,273.53,3.06,D,"Longquan Town, Bayan County, Harbin City, Heilongjiang Province"
46.16191,127.37616,330.56,0.33,0.56,2023/4/5 11:30,3:30,N,VIIRS Suomi-NPP,n,2.0NRT,272.6,3.06,D,"Longquan Town, Bayan County, Harbin City, Heilongjiang Province"
47.3236,131.90669,329.46,0.4,0.44,2023/4/5 11:30,3:30,N,VIIRS Suomi-NPP,n,2.0NRT,289.04,3.14,D,"Suibin Town, S312, Suibin County, Hegang City, Heilongjiang Province"
46.20402,127.46678,326.76,0.33,0.55,2023/4/5 11:30,3:30,N,VIIRS Suomi-NPP,n,2.0NRT,272.59,1.14,D,"Longquan Town, Bayan County, Harbin City, Heilongjiang Province"
46.19275,127.40625,325.19,0.33,0.56,2023/4/5 11:30,3:30,N,VIIRS Suomi-NPP,n,2.0NRT,272,1.66,D,"Longquan Town, Bayan County, Harbin City, Heilongjiang Province"
47.30557,131.73264,329.74,0.41,0.45,2023/4/5 11:30,3:30,N,VIIRS Suomi-NPP,n,2.0NRT,291.45,2.32,D,"Beigang Township, Suibin County, Hegang City, Heilongjiang Province"
47.28763,131.65462,327.13,0.41,0.45,2023/4/5 11:30,3:30,N,VIIRS Suomi-NPP,n,2.0NRT,292.26,2.85,D,"Fuqiang Township, Suibin County, Hegang City, Heilongjiang Province"
47.36591,131.86311,328.91,0.4,0.44,2023/4/5 11:30,3:30,N,VIIRS Suomi-NPP,n,2.0NRT,288.54,1.37,D,"Suibin Town, Suibin County, Hegang City, Heilongjiang Province"
47.3296,131.63663,326.01,0.41,0.45,2023/4/5 11:30,3:30,N,VIIRS Suomi-NPP,n,2.0NRT,292.64,2.38,D,"Fuqiang Township, Suibin County, Hegang City, Heilongjiang Province"
46.19154,127.15623,327.25,0.34,0.56,2023/4/5 11:30,3:30,N,VIIRS Suomi-NPP,n,2.0NRT,274.7,3.03,D,"Xiji Town, X158 Bayan County, Harbin City, Heilongjiang Province"
46.18806,127.10397,335.09,0.34,0.56,2023/4/5 11:30,3:30,N,VIIRS Suomi-NPP,n,2.0NRT,278.02,2.92,D,"Xiji Town, Bayan County, Harbin City, Heilongjiang Province"
47.45342,131.85088,326.45,0.4,0.44,2023/4/5 11:30,3:30,N,VIIRS Suomi-NPP,n,2.0NRT,291.61,1.81,D,"Liansheng Township, Suibin County, Hegang City, Heilongjiang Province"
47.45733,131.84894,328.01,0.4,0.44,2023/4/5 11:30,3:30,N,VIIRS Suomi-NPP,n,2.0NRT,288.39,1.9,D,"Liansheng Township, Suibin County, Hegang City, Heilongjiang Province"
47.45617,131.84383,327.65,0.4,0.44,2023/4/5 11:30,3:30,N,VIIRS Suomi-NPP,n,2.0NRT,289.68,1.9,D,"Liansheng Township, Suibin County, Hegang City, Heilongjiang Province"
47.43439,131.72902,341.46,0.4,0.44,2023/4/5 11:30,3:30,N,VIIRS Suomi-NPP,n,2.0NRT,291.07,3.17,D,"Beigang Township, Suibin County, Hegang City, Heilongjiang Province"
46.24562,127.04605,342.72,0.34,0.56,2023/4/5 11:30,3:30,N,VIIRS Suomi-NPP,n,2.0NRT,272.15,4.3,D,"Fengle Township, Bayan County, Harbin City, Heilongjiang Province"
46.24441,127.04169,326.2,0.34,0.56,2023/4/5 11:30,3:30,N,VIIRS Suomi-NPP,n,2.0NRT,270.22,2.2,D,"Fengle Township, Bayan County, Harbin City, Heilongjiang Province"
47.45819,131.81441,327.15,0.4,0.44,2023/4/5 11:30,3:30,N,VIIRS Suomi-NPP,n,2.0NRT,292.45,1.8,D,"Liansheng Township, Suibin County, Hegang City, Heilongjiang Province"
46.30873,127.19128,325.41,0.34,0.56,2023/4/5 11:30,3:30,N,VIIRS Suomi-NPP,n,2.0NRT,269.12,1.6,D,"Fengle Township, Bayan County, Harbin City, Heilongjiang Province"
47.45872,131.73991,325.94,0.4,0.44,2023/4/5 11:30,3:30,N,VIIRS Suomi-NPP,n,2.0NRT,293.43,2.44,D,"Beishan Township, Suibin County, Hegang City, Heilongjiang Province"
47.46155,131.73727,325.15,0.4,0.44,2023/4/5 11:30,3:30,N,VIIRS Suomi-NPP,n,2.0NRT,290.07,1.64,D,"Beishan Township, Suibin County, Hegang City, Heilongjiang Province"
46.31016,127.18886,331.18,0.34,0.56,2023/4/5 11:30,3:30,N,VIIRS Suomi-NPP,n,2.0NRT,269.05,2.46,D,"Fengle Township, Bayan County, Harbin City, Heilongjiang Province"
46.23283,126.85734,338.69,0.35,0.57,2023/4/5 11:30,3:30,N,VIIRS Suomi-NPP,n,2.0NRT,273.77,2.62,D,"Kangjin Street, Hulan District, Harbin City, Heilongjiang Province"
46.38209,127.22443,332.46,0.34,0.56,2023/4/5 11:30,3:30,N,VIIRS Suomi-NPP,n,2.0NRT,274.72,3.51,D,"Longmiao Town, Bayan County, Harbin City, Heilongjiang Province"
46.12877,126.31377,325.26,0.37,0.58,2023/4/5 11:30,3:30,N,VIIRS Suomi-NPP,n,2.0NRT,274.99,1.54,D,"Yulin Town, Lanxi County, Suihua City, Heilongjiang Province"
46.01692,125.81104,325.03,0.4,0.6,2023/4/5 11:30,3:30,N,VIIRS Suomi-NPP,n,2.0NRT,267.68,1.42,D,"Xiangyang Township, Zhaodong City, Suihua City, Heilongjiang Province"
47.63901,131.7944,330.39,0.4,0.44,2023/4/5 11:30,3:30,N,VIIRS Suomi-NPP,n,2.0NRT,287.05,2.78,D,"Zhongren Town, Suibin County, Hegang City, Heilongjiang Province"
46.4577,127.12827,339.3,0.34,0.56,2023/4/5 11:30,3:30,N,VIIRS Suomi-NPP,n,2.0NRT,275.98,2.85,D,"Xinglong Town, Bayan County, Harbin City, Heilongjiang Province"
46.42239,126.96256,335.73,0.34,0.56,2023/4/5 11:30,3:30,N,VIIRS Suomi-NPP,n,2.0NRT,276.77,2.23,D,"Hongguang Township, Xinglong Branch, Bayan County, Harbin City, Heilongjiang Province"
46.57387,127.38557,336.99,0.33,0.55,2023/4/5 11:30,3:30,N,VIIRS Suomi-NPP,n,2.0NRT,278.52,2.42,D,"Shanhou Township, Bayan County, Harbin City, Heilongjiang Province"
46.58149,127.35281,329.31,0.33,0.55,2023/4/5 11:30,3:30,N,VIIRS Suomi-NPP,n,2.0NRT,278.94,1.52,D,"Shanhou Township, Bayan County, Harbin City, Heilongjiang Province"
46.58034,127.34863,326.39,0.33,0.55,2023/4/5 11:30,3:30,N,VIIRS Suomi-NPP,n,2.0NRT,277.98,1.52,D,"Shanhou Township, Bayan County, Harbin City, Heilongjiang Province"
46.58462,127.3518,325.2,0.33,0.55,2023/4/5 11:30,3:30,N,VIIRS Suomi-NPP,n,2.0NRT,279.33,1.94,D,"Shanhou Township, Bayan County, Harbin City, Heilongjiang Province"
46.58345,127.34762,332.94,0.33,0.55,2023/4/5 11:30,3:30,N,VIIRS Suomi-NPP,n,2.0NRT,280.21,1.94,D,"Shanhou Township, Bayan County, Harbin City, Heilongjiang Province"
46.60597,127.34872,327.38,0.33,0.55,2023/4/5 11:30,3:30,N,VIIRS Suomi-NPP,n,2.0NRT,284.22,1.37,D,"Shanhou Township, Bayan County, Harbin City, Heilongjiang Province"
46.65926,127.34098,329.81,0.33,0.55,2023/4/5 11:30,3:30,N,VIIRS Suomi-NPP,n,2.0NRT,282.03,2.8,D,"Tianzeng Town, Bayan County, Harbin City, Heilongjiang Province"
46.65953,127.32194,339.12,0.33,0.55,2023/4/5 11:30,3:30,N,VIIRS Suomi-NPP,n,2.0NRT,284.14,3.16,D,"Tianzeng Town, Bayan County, Harbin City, Heilongjiang Province"
46.63724,127.22122,346.29,0.33,0.55,2023/4/5 11:30,3:30,N,VIIRS Suomi-NPP,n,2.0NRT,285.51,3.82,D,"Tianzeng Town, Bayan County, Harbin City, Heilongjiang Province"
46.37574,126.16559,332.41,0.37,0.58,2023/4/5 11:30,3:30,N,VIIRS Suomi-NPP,n,2.0NRT,279.13,2.77,D,"Pingshan Town, Lanxi County, Suihua City, Heilongjiang Province"
45.4564,122.83844,325.98,0.55,0.68,2023/4/5 11:30,3:30,N,VIIRS Suomi-NPP,n,2.0NRT,285.44,3.46,D,"Yun 'er River Farm, Yunbei District, Baicheng, Jilin Province"
46.40004,125.77477,325.76,0.39,0.59,2023/4/5 11:30,3:30,N,VIIRS Suomi-NPP,n,2.0NRT,274.35,1.84,D,"Xuanhua Township, Zhaodong City, Suihua City, Heilongjiang Province"
46.7262,126.6197,337.44,0.35,0.57,2023/4/5 11:30,3:30,N,VIIRS Suomi-NPP,n,2.0NRT,276.22,3.3,D,"Satellite Town, Wangkui County, Suihua City, Heilongjiang Province"
46.94303,126.71558,337.01,0.34,0.56,2023/4/5 11:30,3:30,N,VIIRS Suomi-NPP,n,2.0NRT,288.57,2.81,D,"Xiangbai Manzu Township, Wangkui County, Suihua City, Heilongjiang Province"
46.99239,126.77078,329.68,0.34,0.56,2023/4/5 11:30,3:30,N,VIIRS Suomi-NPP,n,2.0NRT,292.19,1.44,D,"Lotus Town, Wangkui County, Suihua City, Heilongjiang Province"
46.98916,126.77309,330.77,0.34,0.56,2023/4/5 11:30,3:30,N,VIIRS Suomi-NPP,n,2.0NRT,292.67,1.47,D,"Lotus Town, Wangkui County, Suihua City, Heilongjiang Province"
47.14657,126.95415,326.46,0.33,0.55,2023/4/5 11:30,3:30,N,VIIRS Suomi-NPP,n,2.0NRT,294.95,2.14,D,"Gongrong Town, Hailun City, Suihua City, Heilongjiang Province"
47.34981,126.87926,332.37,0.32,0.55,2023/4/5 11:32,3:32,N,VIIRS Suomi-NPP,n,2.0NRT,290.27,1.99,D,"Leye Township, Hailun City, Suihua City, Heilongjiang Province"
47.38036,126.79514,333.42,0.33,0.55,2023/4/5 11:32,3:32,N,VIIRS Suomi-NPP,n,2.0NRT,290.21,1.56,D,"Qianjin Town, Hailun City, Suihua City, Heilongjiang Province"
47.48788,127.16081,336.2,0.63,0.54,2023/4/5 11:32,3:32,N,VIIRS Suomi-NPP,n,2.0NRT,290.19,3.74,D,"Donglin Town, Hailun City, Suihua City, Heilongjiang Province"
47.44864,126.82057,328.99,0.32,0.55,2023/4/5 11:32,3:32,N,VIIRS Suomi-NPP,n,2.0NRT,293.08,2.07,D,"Qianjin Town, Hailun City, Suihua City, Heilongjiang Province"
47.45158,126.81901,329.37,0.32,0.55,2023/4/5 11:32,3:32,N,VIIRS Suomi-NPP,n,2.0NRT,292.58,1.53,D,"Qianjin Town, Hailun City, Suihua City, Heilongjiang Province"
47.41857,126.26039,354.63,0.34,0.56,2023/4/5 11:32,3:32,N,VIIRS Suomi-NPP,n,2.0NRT,293.99,3.52,D,"Xinsheng Township, Baiquan County, Qiqihar City, Heilongjiang Province"
47.46191,126.13213,335.52,0.35,0.56,2023/4/5 11:32,3:32,N,VIIRS Suomi-NPP,n,2.0NRT,295.6,2.3,D,"Xinsheng Township, Baiquan County, Qiqihar City, Heilongjiang Province"
47.49911,126.08186,343.7,0.35,0.57,2023/4/5 11:32,3:32,N,VIIRS Suomi-NPP,n,2.0NRT,293.2,3.19,D,"Baiquan Town, Baiquan County, Qiqihar City, Heilongjiang Province"
47.57821,126.31696,339.1,0.34,0.56,2023/4/5 11:32,3:32,N,VIIRS Suomi-NPP,n,2.0NRT,295.37,2.18,D,"Xiangxiang, Baiquan County, Qiqihar City, Heilongjiang Province"
47.62876,126.31538,329.03,0.34,0.56,2023/4/5 11:32,3:32,N,VIIRS Suomi-NPP,n,2.0NRT,293.47,1.58,D,"Xiangxiang, Baiquan County, Qiqihar City, Heilongjiang Province"
47.70117,126.49261,339.04,0.33,0.55,2023/4/5 11:32,3:32,N,VIIRS Suomi-NPP,n,2.0NRT,295.75,5.54,D,"Guofu Town, Baiquan County, Qiqihar City, Heilongjiang Province"
47.51223,125.80668,328.07,0.36,0.57,2023/4/5 11:32,3:32,N,VIIRS Suomi-NPP,n,2.0NRT,291.47,1.65,D,"Fuqiang Town, Baizi Highway, Baiquan County, Qiqihar City, Heilongjiang Province"
47.70541,126.4956,325.15,0.33,0.55,2023/4/5 11:32,3:32,N,VIIRS Suomi-NPP,n,2.0NRT,291.01,1.6,D,"Guofu Town, Baiquan County, Qiqihar City, Heilongjiang Province"
47.70938,126.27235,344.47,0.34,0.56,2023/4/5 11:32,3:32,N,VIIRS Suomi-NPP,n,2.0NRT,294.19,2.59,D,"Xiangxiang, Baiquan County, Qiqihar City, Heilongjiang Province"
47.71421,126.26941,331.48,0.34,0.56,2023/4/5 11:32,3:32,N,VIIRS Suomi-NPP,n,2.0NRT,293.26,2.59,D,"Qianfeng Town, Kedong County, Qiqihar City, Heilongjiang Province"
47.57751,125.79321,327,0.36,0.57,2023/4/5 11:32,3:32,N,VIIRS Suomi-NPP,n,2.0NRT,294.76,1.62,D,"Yongqin Township, Baiquan County, Qiqihar City, Heilongjiang Province"
47.78154,126.12237,354.73,0.34,0.56,2023/4/5 11:32,3:32,N,VIIRS Suomi-NPP,n,2.0NRT,297.36,2.34,D,"Xingnong Town, Baiquan County, Qiqihar City, Heilongjiang Province"
47.78637,126.11936,325.98,0.34,0.56,2023/4/5 11:32,3:32,N,VIIRS Suomi-NPP,n,2.0NRT,293.2,2.34,D,"Xingnong Town, Baiquan County, Qiqihar City, Heilongjiang Province"
47.76159,125.8523,332.08,0.35,0.57,2023/4/5 11:32,3:32,N,VIIRS Suomi-NPP,n,2.0NRT,296.12,2.87,D,"Dazhong Township, Baiquan County, Qiqihar City, Heilongjiang Province"
47.76647,125.84923,340.67,0.35,0.57,2023/4/5 11:32,3:32,N,VIIRS Suomi-NPP,n,2.0NRT,295.98,2.87,D,"Dazhong Township, Baiquan County, Qiqihar City, Heilongjiang Province"
47.76261,125.85293,326.26,0.35,0.57,2023/4/5 11:32,3:32,N,VIIRS Suomi-NPP,n,2.0NRT,295.39,4.83,D,"Dazhong Township, Baiquan County, Qiqihar City, Heilongjiang Province"
47.76134,125.84857,339.51,0.35,0.57,2023/4/5 11:32,3:32,N,VIIRS Suomi-NPP,n,2.0NRT,296.49,3.87,D,"Dazhong Township, Baiquan County, Qiqihar City, Heilongjiang Province"
47.88887,126.21085,325.74,0.33,0.56,2023/4/5 11:32,3:32,N,VIIRS Suomi-NPP,n,2.0NRT,292.05,1.28,D,"Runjin Township, Kedong County, Qiqihar City, Heilongjiang Province"
47.77951,125.73208,326.57,0.35,0.57,2023/4/5 11:32,3:32,N,VIIRS Suomi-NPP,n,2.0NRT,296.32,1.71,D,"Changchun Town, Baiquan County, Qiqihar City, Heilongjiang Province"
47.45104,124.56485,349.24,0.4,0.6,2023/4/5 11:32,3:32,N,VIIRS Suomi-NPP,n,2.0NRT,282.81,3.7,D,"Prosperous breeding farm, Fuyu County, Qiqihar City, Heilongjiang Province"
47.81145,125.62164,340.55,0.36,0.57,2023/4/5 11:32,3:32,N,VIIRS Suomi-NPP,n,2.0NRT,297.14,2.92,D,"Changchun Town, Baiquan County, Qiqihar City, Heilongjiang Province"
47.81028,125.62083,330.02,0.36,0.57,2023/4/5 11:32,3:32,N,VIIRS Suomi-NPP,n,2.0NRT,296.23,1.86,D,"Changchun Town, Baiquan County, Qiqihar City, Heilongjiang Province"
47.83418,125.64275,337.84,0.35,0.57,2023/4/5 11:32,3:32,N,VIIRS Suomi-NPP,n,2.0NRT,296.3,2.69,D,"Changchun Town, Baiquan County, Qiqihar City, Heilongjiang Province"
47.83907,125.63958,337.9,0.35,0.57,2023/4/5 11:32,3:32,N,VIIRS Suomi-NPP,n,2.0NRT,296.5,3.17,D,"Changchun Town, Baiquan County, Qiqihar City, Heilongjiang Province"
48.19698,125.95862,367,0.34,0.56,2023/4/5 11:32,3:32,N,VIIRS Suomi-NPP,h,2.0NRT,298.35,9.57,D,"Keshan County, Qiqihar City, Heilongjiang Province, Hebei Province"
47.91567,124.52414,327.57,0.39,0.6,2023/4/5 11:32,3:32,N,VIIRS Suomi-NPP,n,2.0NRT,282.83,2.04,D,"Erdawan Town, G111 Fuyu County, Qiqihar City, Heilongjiang Province"
48.01925,124.64613,353,0.39,0.59,2023/4/5 11:32,3:32,N,VIIRS Suomi-NPP,n,2.0NRT,289.97,3.77,D,"Erdawan Town, Fuyu County, Qiqihar City, Heilongjiang Province"
48.34869,125.20414,336.03,0.36,0.57,2023/4/5 11:32,3:32,N,VIIRS Suomi-NPP,n,2.0NRT,296.65,2.99,D,"Tongxin Township, Nehe City, Qiqihar City, Heilongjiang Province Y401"
48.15126,123.95534,326.59,0.41,0.6,2023/4/5 11:32,3:32,N,VIIRS Suomi-NPP,n,2.0NRT,292.39,1.27,D,"Baoshan Township, Gannan County, Qiqihar City, Heilongjiang Province"
48.3448,124.54931,333.01,0.38,0.59,2023/4/5 11:32,3:32,N,VIIRS Suomi-NPP,n,2.0NRT,289.1,2.99,D,"Liuhe Town, Nehe City, Qiqihar City, Heilongjiang Province"
48.63039,125.47712,326.82,0.34,0.56,2023/4/5 11:32,3:32,N,VIIRS Suomi-NPP,n,2.0NRT,293.71,2.21,D,"Longhe Town, Nehe City, Qiqihar City, Heilongjiang Province"
48.17158,123.60606,326.45,0.42,0.61,2023/4/5 11:32,3:32,N,VIIRS Suomi-NPP,n,2.0NRT,288.98,1.68,D,"Najitun Farm, Aerongqi, Hulunbeier City, Inner Mongolia Autonomous Region"
48.39566,123.91048,332.39,0.4,0.6,2023/4/5 11:32,3:32,N,VIIRS Suomi-NPP,n,2.0NRT,297.15,2.36,D,"Liuhe Town, Arongqi, Hulunbeier City, Inner Mongolia Autonomous Region"
48.50313,123.54304,343.9,0.41,0.61,2023/4/5 11:32,3:32,N,VIIRS Suomi-NPP,n,2.0NRT,294.11,5.27,D,"Yadong Town, Aerongqi, Hulunbeier City, Inner Mongolia Autonomous Region"
48.50153,123.5379,337.9,0.41,0.61,2023/4/5 11:32,3:32,N,VIIRS Suomi-NPP,n,2.0NRT,294.44,5.27,D,"Yadong Town, Aerongqi, Hulunbeier City, Inner Mongolia Autonomous Region"
48.49996,123.53285,335.98,0.41,0.61,2023/4/5 11:32,3:32,N,VIIRS Suomi-NPP,n,2.0NRT,295.22,3.45,D,"Yadong Town, Aerongqi, Hulunbeier City, Inner Mongolia Autonomous Region"
48.4774,123.44035,367,0.42,0.61,2023/4/5 11:32,3:32,N,VIIRS Suomi-NPP,h,2.0NRT,294.74,6.07,D,"Horch Town, Arongqi, Hulunbeier City, Inner Mongolia Autonomous Region"
48.4838,123.46083,346.14,0.42,0.61,2023/4/5 11:32,3:32,N,VIIRS Suomi-NPP,n,2.0NRT,292.82,5.52,D,"Yadong Town, Aerongqi, Hulunbeier City, Inner Mongolia Autonomous Region"
48.4791,123.44579,326.82,0.42,0.61,2023/4/5 11:32,3:32,N,VIIRS Suomi-NPP,n,2.0NRT,291.37,6.07,D,"Horch Town, Arongqi, Hulunbeier City, Inner Mongolia Autonomous Region"
48.81871,123.98817,342.56,0.39,0.59,2023/4/5 11:32,3:32,N,VIIRS Suomi-NPP,n,2.0NRT,294.42,4.11,D,"Arla Town, Inner Mongolia Autonomous Region Hulunbeier City Moli Dawa Daur Autonomous Banner"
48.85637,124.01141,355.01,0.38,0.59,2023/4/5 11:32,3:32,N,VIIRS Suomi-NPP,n,2.0NRT,295.82,5.49,D,"Arla Town, Inner Mongolia Autonomous Region Hulunbeier City Moli Dawa Daur Autonomous Banner"
48.86256,123.77105,349.82,0.39,0.6,2023/4/5 11:32,3:32,N,VIIRS Suomi-NPP,n,2.0NRT,291.76,3.84,D,"Durar Ewenke Nationality Township, Inner Mongolia Autonomous Region Hulunbuir City Moly Dawadaur Nationality Autonomous Banner"
49.34351,125.00298,330.67,0.34,0.56,2023/4/5 11:32,3:32,N,VIIRS Suomi-NPP,n,2.0NRT,290.13,1.82,D,"Hadayang Town, Hulunbeier City, Inner Mongolia Autonomous Region Moli Dawa Daur Autonomous Banner"
49.38593,124.96569,330.38,0.34,0.56,2023/4/5 11:32,3:32,N,VIIRS Suomi-NPP,n,2.0NRT,289.13,2.89,D,"Hadayang Town, Hulunbeier City, Inner Mongolia Autonomous Region Moli Dawa Daur Autonomous Banner"
19.25005,108.87321,344.18,0.68,0.74,2023/4/5 13:04,5:04,N,VIIRS Suomi-NPP,n,2.0NRT,295.97,9.02,D,"Fanghe Town, Changjiang Li Autonomous County, Changjiang Li Autonomous County, Hainan Province"
19.24965,108.86801,333.6,0.68,0.74,2023/4/5 13:04,5:04,N,VIIRS Suomi-NPP,n,2.0NRT,295.24,5.89,D,"Fanghe Town, Changjiang Li Autonomous County, Changjiang Li Autonomous County, Hainan Province"
19.93207,109.56995,332.76,0.6,0.7,2023/4/5 13:04,5:04,N,VIIRS Suomi-NPP,n,2.0NRT,293.66,4.44,D,"Tiaolou Town, X302, Lingao County, Lingao County, Hainan Province"
22.96179,116.45267,331.96,0.39,0.44,2023/4/5 13:04,5:04,N,VIIRS Suomi-NPP,n,2.0NRT,292.02,2,D,"Qianqian Town, Huilai County, Jieyang City, Guangdong Province"
23.00545,116.46278,335.67,0.39,0.44,2023/4/5 13:04,5:04,N,VIIRS Suomi-NPP,n,2.0NRT,292.98,5.67,D,"Zhoutian Town, Huilai County, Jieyang City, Guangdong Province"
22.35919,107.03992,329.2,0.75,0.77,2023/4/5 13:06,5:06,N,VIIRS Suomi-NPP,n,2.0NRT,294.76,2.94,D,"Shangjinxiang, Longzhou County, Chongzuo City, Guangxi Zhuang Autonomous Region"
23.87833,107.7495,331.82,0.63,0.72,2023/4/5 13:06,5:06,N,VIIRS Suomi-NPP,n,2.0NRT,291.93,8.59,D,"Baima Township, Hechi City, Guangxi Zhuang Autonomous Region Dahua Yao Autonomous County X919"
23.88159,107.74856,342.11,0.63,0.72,2023/4/5 13:06,5:06,N,VIIRS Suomi-NPP,n,2.0NRT,292.45,11.26,D,"Baima Township, Hechi City, Guangxi Zhuang Autonomous Region Dahua Yao Autonomous County X919"
25.13088,106.45432,367,0.71,0.75,2023/4/5 13:06,5:06,N,VIIRS Suomi-NPP,h,2.0NRT,301.01,11.63,D,"Anwu Town, Wangmu County, Buyi and Miao Autonomous Prefecture, Southwest Guizhou Province"
25.13019,106.4529,367,0.71,0.75,2023/4/5 13:06,5:06,N,VIIRS Suomi-NPP,h,2.0NRT,301.32,13.97,D,"Anwu Town, Wangmu County, Buyi and Miao Autonomous Prefecture, Southwest Guizhou Province"
25.33895,106.80215,355.2,0.67,0.73,2023/4/5 13:06,5:06,N,VIIRS Suomi-NPP,n,2.0NRT,290.68,15.03,D,"Longping Town, Luodian County, Buyi and Miao Autonomous Prefecture, Qiannan, Guizhou Province"
25.33751,106.79662,353.3,0.67,0.73,2023/4/5 13:06,5:06,N,VIIRS Suomi-NPP,n,2.0NRT,292.98,15.03,D,"Longping Town, Luodian County, Buyi and Miao Autonomous Prefecture, Qiannan, Guizhou Province"
25.33975,106.80038,367,0.67,0.73,2023/4/5 13:06,5:06,N,VIIRS Suomi-NPP,h,2.0NRT,293.37,28.52,D,"Longping Town, Luodian County, Buyi and Miao Autonomous Prefecture, Qiannan, Guizhou Province"
25.3381,106.7942,329.69,0.67,0.73,2023/4/5 13:06,5:06,N,VIIRS Suomi-NPP,n,2.0NRT,288.27,14.74,D,"Longping Town, Luodian County, Buyi and Miao Autonomous Prefecture, Qiannan, Guizhou Province"
25.76446,105.67322,331.49,0.76,0.77,2023/4/5 13:06,5:06,N,VIIRS Suomi-NPP,n,2.0NRT,289.92,4.49,D,"Huajiang Town, Guanling Buyi and Miao Autonomous County, Anshun City, Guizhou Province"
25.76289,105.66747,329.93,0.76,0.77,2023/4/5 13:06,5:06,N,VIIRS Suomi-NPP,n,2.0NRT,289.15,4.49,D,"Huajiang Town, Guanling Buyi and Miao Autonomous County, Anshun City, Guizhou Province"
30.74467,117.39481,333.53,0.42,0.38,2023/4/5 13:08,5:08,N,VIIRS Suomi-NPP,n,2.0NRT,296,4.57,D,"Lushan Town, Leyang County, Tongling City, Anhui Province"
33.80435,113.45161,328.83,0.55,0.43,2023/4/5 13:08,5:08,N,VIIRS Suomi-NPP,n,2.0NRT,295.28,3.26,D,"Danxia Road, Xiangcheng County, Xuchang City, Henan Province, Zhanbei Township"
38.97257,115.55112,326.65,0.4,0.37,2023/4/5 13:10,5:10,N,VIIRS Suomi-NPP,n,2.0NRT,293.65,1.28,D,"Caohe Town, Xushui District, Baoding City, Hebei Province"
39.01587,115.41418,338.21,0.4,0.37,2023/4/5 13:10,5:10,N,VIIRS Suomi-NPP,n,2.0NRT,296.02,1.88,D,"Dawangdian Town, Zhongfang Road, Xushui District, Baoding City, Hebei Province"
39.03495,115.45935,356.51,0.4,0.37,2023/4/5 13:10,5:10,N,VIIRS Suomi-NPP,n,2.0NRT,295.94,4.8,D,"Dawangdian Town, Chaoyang North Street, Xushui District, Baoding City, Hebei Province"
39.0144,115.33986,325.52,0.4,0.37,2023/4/5 13:10,5:10,N,VIIRS Suomi-NPP,n,2.0NRT,294.46,2.11,D,"Dabuying Town, Shenxi Line, Mancheng District, Baoding City, Hebei Province"
39.05046,115.48862,330.82,0.4,0.37,2023/4/5 13:10,5:10,N,VIIRS Suomi-NPP,n,2.0NRT,290.96,1.93,D,"Suicheng Town, S333, Xushui District, Baoding City, Hebei Province"
45.11711,122.63418,340,0.4,0.44,2023/4/5 13:10,5:10,N,VIIRS Suomi-NPP,n,2.0NRT,299.43,3.04,D,"Anding Town, Bainan City, Jilin Province"
45.24027,122.67889,335.44,0.41,0.45,2023/4/5 13:10,5:10,N,VIIRS Suomi-NPP,n,2.0NRT,296.2,3.22,D,"Anding Town, Bainan City, Jilin Province"
45.24112,122.38876,337.65,0.39,0.44,2023/4/5 13:10,5:10,N,VIIRS Suomi-NPP,n,2.0NRT,298.55,2.68,D,"Hoho Cheli Mongolian Ethnic Township, Bainan City, Jilin Province"
45.30154,122.46103,338.76,0.4,0.44,2023/4/5 13:10,5:10,N,VIIRS Suomi-NPP,n,2.0NRT,299.69,3.11,D,"Datong Township, Bainan City, Jilin Province"
45.30657,122.47055,337.78,0.4,0.44,2023/4/5 13:10,5:10,N,VIIRS Suomi-NPP,n,2.0NRT,300.72,4.46,D,"Datong Township, Bainan City, Jilin Province"
45.30328,122.43465,338.08,0.4,0.44,2023/4/5 13:10,5:10,N,VIIRS Suomi-NPP,n,2.0NRT,301.78,2.34,D,"Datong Township, Bainan City, Jilin Province"
45.39177,123.19376,335.91,0.43,0.46,2023/4/5 13:10,5:10,N,VIIRS Suomi-NPP,n,2.0NRT,299.35,2.49,D,"Erlong Township, Bainan City, Jilin Province"
45.39038,123.19154,336.6,0.43,0.46,2023/4/5 13:10,5:10,N,VIIRS Suomi-NPP,n,2.0NRT,299.61,2.83,D,"Erlong Township, Bainan City, Jilin Province"
45.43213,123.28124,338.4,0.43,0.46,2023/4/5 13:10,5:10,N,VIIRS Suomi-NPP,n,2.0NRT,296.53,2.42,D,"Fork Gan Town, Da 'an City, Baicheng City, Jilin Province"
45.5797,125.17675,330.95,0.54,0.5,2023/4/5 13:10,5:10,N,VIIRS Suomi-NPP,n,2.0NRT,268.28,3.59,D,"Heping Township, Zhaoyuan County, Daqing City, Heilongjiang Province"
45.38546,122.58018,343.73,0.4,0.44,2023/4/5 13:10,5:10,N,VIIRS Suomi-NPP,n,2.0NRT,298.13,3.62,D,"Datong Township, Bainan City, Jilin Province"
45.69957,126.91046,329.91,0.33,0.55,2023/4/5 13:10,5:10,N,VIIRS Suomi-NPP,n,2.0NRT,271.75,2.37,D,"Chenggaozi Town, G301, Xiangfang District, Harbin City, Heilongjiang Province"
45.46546,122.81871,336.33,0.41,0.45,2023/4/5 13:10,5:10,N,VIIRS Suomi-NPP,n,2.0NRT,293.46,3.37,D,"Yun 'er River Farm, Yunbei District, Baicheng, Jilin Province"
45.46499,122.81335,341.62,0.41,0.45,2023/4/5 13:10,5:10,N,VIIRS Suomi-NPP,n,2.0NRT,292.58,4.22,D,"Yun 'er River Farm, G231, Yunbei District, Baicheng, Jilin Province"
45.46727,122.83717,339.85,0.42,0.45,2023/4/5 13:10,5:10,N,VIIRS Suomi-NPP,n,2.0NRT,292.43,3.16,D,"Yun 'er River Farm, Yunbei District, Baicheng, Jilin Province"
45.46593,122.82104,333.46,0.41,0.45,2023/4/5 13:10,5:10,N,VIIRS Suomi-NPP,n,2.0NRT,293.09,2.04,D,"Yun 'er River Farm, Yunbei District, Baicheng, Jilin Province"
45.46503,122.8103,340.57,0.41,0.45,2023/4/5 13:10,5:10,N,VIIRS Suomi-NPP,n,2.0NRT,292.84,6.64,D,"Yun 'er River Farm, G231, Yunbei District, Baicheng, Jilin Province"
45.47844,122.81889,340.54,0.41,0.45,2023/4/5 13:10,5:10,N,VIIRS Suomi-NPP,n,2.0NRT,293.94,2.86,D,"Linhai Town, Yubei District, Baicheng, Jilin Province"
45.47906,122.72652,345.4,0.41,0.45,2023/4/5 13:10,5:10,N,VIIRS Suomi-NPP,n,2.0NRT,293.11,3.85,D,"Jinxiang Township, Baicheng District, Jilin Province"
45.49976,122.82068,329.44,0.42,0.45,2023/4/5 13:10,5:10,N,VIIRS Suomi-NPP,n,2.0NRT,295.01,4,D,"Linhai Town, Yubei District, Baicheng, Jilin Province"
45.49106,122.71905,339.72,0.41,0.45,2023/4/5 13:10,5:10,N,VIIRS Suomi-NPP,n,2.0NRT,296.48,5.38,D,"Jinxiang Township, Baicheng District, Jilin Province"
45.50902,122.83002,337.54,0.42,0.45,2023/4/5 13:10,5:10,N,VIIRS Suomi-NPP,n,2.0NRT,292.45,5.61,D,"Linhai Town, Yubei District, Baicheng, Jilin Province"
45.62413,124.1047,340.51,0.48,0.48,2023/4/5 13:10,5:10,N,VIIRS Suomi-NPP,n,2.0NRT,283.44,6.31,D,"Taishan Town, Da 'an City, Baicheng City, Jilin Province"
45.53766,122.72179,338.61,0.41,0.45,2023/4/5 13:10,5:10,N,VIIRS Suomi-NPP,n,2.0NRT,298.8,2.62,D,"Linhai Town, Yubei District, Baicheng, Jilin Province"
45.65988,123.05181,331.43,0.43,0.46,2023/4/5 13:10,5:10,N,VIIRS Suomi-NPP,n,2.0NRT,295.25,3.25,D,"To Baozhen, Baicheng, Baibei District, Jilin Province"
45.65802,122.97925,335.18,0.42,0.45,2023/4/5 13:10,5:10,N,VIIRS Suomi-NPP,n,2.0NRT,295.4,3.72,D,"Dongfeng Township, Yubei District, Baicheng, Jilin Province"
45.66223,122.97854,341.94,0.42,0.45,2023/4/5 13:10,5:10,N,VIIRS Suomi-NPP,n,2.0NRT,295.06,3.72,D,"Dongfeng Township, Yubei District, Baicheng, Jilin Province"
45.6631,122.88943,334.3,0.42,0.45,2023/4/5 13:10,5:10,N,VIIRS Suomi-NPP,n,2.0NRT,301.89,2.03,D,"Dongfeng Township, Qiuwu Expressway, Qiubei District, Baicheng City, Jilin Province"
46.04836,127.18839,348.93,0.34,0.56,2023/4/5 13:10,5:10,N,VIIRS Suomi-NPP,n,2.0NRT,270.02,5.39,D,"Yanglin Township, Hulan District, Harbin City, Heilongjiang Province"
46.09244,127.23119,335.71,0.34,0.56,2023/4/5 13:10,5:10,N,VIIRS Suomi-NPP,n,2.0NRT,269.42,2.51,D,"Xiji Town, Bayan County, Harbin City, Heilongjiang Province"
46.11547,127.16116,341.56,0.34,0.56,2023/4/5 13:10,5:10,N,VIIRS Suomi-NPP,n,2.0NRT,268.93,2.99,D,"Yanglin Township, Hulan District, Harbin City, Heilongjiang Province"
46.18698,127.81316,339.65,0.36,0.58,2023/4/5 13:10,5:10,N,VIIRS Suomi-NPP,n,2.0NRT,274.84,3.27,D,"Dagui Town, Mulan County, Harbin City, Heilongjiang Province"
46.30114,132.32866,338.54,0.6,0.7,2023/4/5 13:10,5:10,N,VIIRS Suomi-NPP,n,2.0NRT,267.38,10.7,D,"Wanjinshan Township, Baoqing County, Shuangyashan City, Heilongjiang Province"
46.19144,127.22623,348.7,0.34,0.56,2023/4/5 13:10,5:10,N,VIIRS Suomi-NPP,n,2.0NRT,267.03,8.63,D,"Xiji Town, Bayan County, Harbin City, Heilongjiang Province"
46.21146,127.44537,329.45,0.35,0.57,2023/4/5 13:10,5:10,N,VIIRS Suomi-NPP,n,2.0NRT,273.07,1.64,D,"Longquan Town, Bayan County, Harbin City, Heilongjiang Province"
46.25503,127.98904,332.09,0.37,0.58,2023/4/5 13:10,5:10,N,VIIRS Suomi-NPP,n,2.0NRT,267.97,2.12,D,"Dagui Town, Mulan County, Harbin City, Heilongjiang Province"
46.25484,127.98414,326.27,0.37,0.58,2023/4/5 13:10,5:10,N,VIIRS Suomi-NPP,n,2.0NRT,268.95,2.12,D,"Dagui Town, Mulan County, Harbin City, Heilongjiang Province"
46.25589,127.74014,327.73,0.36,0.57,2023/4/5 13:10,5:10,N,VIIRS Suomi-NPP,n,2.0NRT,271.61,3.98,D,"Dagui Town, Mulan County, Harbin City, Heilongjiang Province"
46.24567,127.04142,327.5,0.33,0.56,2023/4/5 13:10,5:10,N,VIIRS Suomi-NPP,n,2.0NRT,276,3.17,D,"Fengle Township, Bayan County, Harbin City, Heilongjiang Province"
46.29199,127.82937,329.53,0.36,0.58,2023/4/5 13:10,5:10,N,VIIRS Suomi-NPP,n,2.0NRT,271.55,1.7,D,"Dagui Town, Mulan County, Harbin City, Heilongjiang Province"
46.31687,127.90537,326.03,0.37,0.58,2023/4/5 13:10,5:10,N,VIIRS Suomi-NPP,n,2.0NRT,270.83,2.36,D,"Xinmin Town, Mulan County, Harbin City, Heilongjiang Province"
46.37462,129.33578,347.58,0.43,0.62,2023/4/5 13:10,5:10,N,VIIRS Suomi-NPP,n,2.0NRT,276.74,5.01,D,"Yinglan Korean Township, Yilan County, Harbin City, Heilongjiang Province"
46.31174,127.86851,327.86,0.37,0.58,2023/4/5 13:10,5:10,N,VIIRS Suomi-NPP,n,2.0NRT,270.73,1.66,D,"Xinmin Town, Mulan County, Harbin City, Heilongjiang Province"
46.09634,123.87588,353.82,0.47,0.48,2023/4/5 13:10,5:10,N,VIIRS Suomi-NPP,n,2.0NRT,295.01,25.7,D,"Sifang Tuozi Farm, Baicheng Town, Jilin Province"
46.09589,123.86969,329.06,0.47,0.48,2023/4/5 13:10,5:10,N,VIIRS Suomi-NPP,n,2.0NRT,290.04,25.7,D,"Sifang Tuozi Farm, Baicheng Town, Jilin Province"
46.37449,129.33336,336.19,0.43,0.62,2023/4/5 13:10,5:10,N,VIIRS Suomi-NPP,n,2.0NRT,275.01,3.53,D,"Yinglan Korean Township, Yilan County, Harbin City, Heilongjiang Province"
46.3051,127.18487,325.96,0.34,0.56,2023/4/5 13:10,5:10,N,VIIRS Suomi-NPP,n,2.0NRT,267.4,2.3,D,"Fengle Township, Bayan County, Harbin City, Heilongjiang Province"
46.18293,124.72197,331.67,0.52,0.5,2023/4/5 13:10,5:10,N,VIIRS Suomi-NPP,n,2.0NRT,296.16,4.98,D,"Xingshugang Town, Honggang District, Daqing City, Heilongjiang Province"
46.35265,127.80691,336.53,0.36,0.58,2023/4/5 13:10,5:10,N,VIIRS Suomi-NPP,n,2.0NRT,269.04,2.46,D,"Xinmin Town, Mulan County, Harbin City, Heilongjiang Province"
46.21527,124.71761,327.16,0.52,0.5,2023/4/5 13:10,5:10,N,VIIRS Suomi-NPP,n,2.0NRT,291.43,2.43,D,"Xingshugang Town, Honggang District, Daqing City, Heilongjiang Province"
46.48554,129.7793,334.16,0.45,0.63,2023/4/5 13:10,5:10,N,VIIRS Suomi-NPP,n,2.0NRT,266.83,3.87,D,"Hongkeli Town, Yilan County, Harbin City, Heilongjiang Province"
46.25423,124.70368,340.51,0.52,0.5,2023/4/5 13:10,5:10,N,VIIRS Suomi-NPP,n,2.0NRT,297.24,5.98,D,"Linyuan Town Subdistrict, Datong District, Daqing City, Heilongjiang Province"
46.3769,126.81361,332.77,0.33,0.55,2023/4/5 13:10,5:10,N,VIIRS Suomi-NPP,n,2.0NRT,275.89,2.54,D,"Lotus Town, Hulan District, Harbin City, Heilongjiang Province"
46.55972,132.21629,329,0.59,0.7,2023/4/5 13:10,5:10,N,VIIRS Suomi-NPP,n,2.0NRT,270.09,4.29,D,"Qingyuan Town, Baoqing County, Shuangyashan City, Heilongjiang Province"
46.55971,132.20827,326.23,0.59,0.7,2023/4/5 13:10,5:10,N,VIIRS Suomi-NPP,n,2.0NRT,270.02,4.29,D,"Qingyuan Town, Baoqing County, Shuangyashan City, Heilongjiang Province"
46.45929,127.13022,328.11,0.34,0.56,2023/4/5 13:10,5:10,N,VIIRS Suomi-NPP,n,2.0NRT,276.77,1.67,D,"Xinglong Town, Bayan County, Harbin City, Heilongjiang Province Y004"
46.56734,130.13426,339.89,0.47,0.64,2023/4/5 13:10,5:10,N,VIIRS Suomi-NPP,n,2.0NRT,268.73,8.37,D,"Yugong Township, Yilan County, Harbin City, Heilongjiang Province"
46.56865,130.13544,330.53,0.47,0.64,2023/4/5 13:10,5:10,N,VIIRS Suomi-NPP,n,2.0NRT,267.86,7.05,D,"Yugong Township, Yilan County, Harbin City, Heilongjiang Province"
46.87854,123.65154,328.84,0.47,0.48,2023/4/5 13:12,5:12,N,VIIRS Suomi-NPP,n,2.0NRT,280.01,3.15,D,"Daxing Town, Tailai County, Qiqihar City, Heilongjiang Province"
47.30768,132.4837,338.57,0.61,0.71,2023/4/5 13:12,5:12,N,VIIRS Suomi-NPP,n,2.0NRT,293.09,6.61,D,"Erlongshan Town, G102, Fujin City, Jiamusi City, Heilongjiang Province"
47.04012,122.94961,330.86,0.44,0.46,2023/4/5 13:12,5:12,N,VIIRS Suomi-NPP,n,2.0NRT,289.32,3.27,D,"Jingxing Town, Longjiang County, Qiqihar City, Heilongjiang Province"
47.13134,123.55699,340.61,0.47,0.47,2023/4/5 13:12,5:12,N,VIIRS Suomi-NPP,n,2.0NRT,296.13,5.39,D,"Durmenqin Daur Township, Fularki District, Qiqihar City, Heilongjiang Province"
47.14756,123.72045,327.47,0.47,0.48,2023/4/5 13:12,5:12,N,VIIRS Suomi-NPP,n,2.0NRT,282.27,2.24,D,"Yushutun Town, Angangxi District, Qiqihar City, Heilongjiang Province"
47.25385,124.06569,336.8,0.49,0.49,2023/4/5 13:12,5:12,N,VIIRS Suomi-NPP,n,2.0NRT,292.49,3.45,D,"Zalong Town, Tiefeng District, Qiqihar City, Heilongjiang Province"
47.25424,124.06516,338.02,0.49,0.49,2023/4/5 13:12,5:12,N,VIIRS Suomi-NPP,n,2.0NRT,292.01,6.94,D,"Zalong Town, Tiefeng District, Qiqihar City, Heilongjiang Province"
47.53129,131.97073,337.05,0.58,0.7,2023/4/5 13:12,5:12,N,VIIRS Suomi-NPP,n,2.0NRT,287.7,3.67,D,"Zhongren Town, Suibin County, Hegang City, Heilongjiang Province"
47.45588,126.81224,329.33,0.33,0.55,2023/4/5 13:12,5:12,N,VIIRS Suomi-NPP,n,2.0NRT,284.54,2.95,D,"Qianjin Town, Hailun City, Suihua City, Heilongjiang Province"
47.38374,125.3955,335.19,0.57,0.52,2023/4/5 13:12,5:12,N,VIIRS Suomi-NPP,n,2.0NRT,294.11,2.92,D,"Furao Township, Yi 'an County, Qiqihar City, Heilongjiang Province"
47.38301,125.13529,329.85,0.55,0.51,2023/4/5 13:12,5:12,N,VIIRS Suomi-NPP,n,2.0NRT,283.09,3.24,D,"Dongxing Township, Lindian County, Daqing City, Heilongjiang Province"
47.26145,122.647,340.12,0.43,0.46,2023/4/5 13:12,5:12,N,VIIRS Suomi-NPP,n,2.0NRT,296.65,4.69,D,"Jiqinhe Township, Longjiang County, Qiqihar City, Heilongjiang Province"
47.4434,124.85805,338.86,0.54,0.51,2023/4/5 13:12,5:12,N,VIIRS Suomi-NPP,n,2.0NRT,272.84,6.51,D,"Prosperous breeding farm, Fuyu County, Qiqihar City, Heilongjiang Province"
47.44811,124.85743,353.9,0.54,0.51,2023/4/5 13:12,5:12,N,VIIRS Suomi-NPP,n,2.0NRT,275.19,6.51,D,"Prosperous breeding farm, Fuyu County, Qiqihar City, Heilongjiang Province"
47.54414,126.0365,329.39,0.61,0.54,2023/4/5 13:12,5:12,N,VIIRS Suomi-NPP,n,2.0NRT,278.46,5.34,D,"Baiquan Town, Baiquan County, Qiqihar City, Heilongjiang Province"
47.42162,124.0251,328.66,0.49,0.49,2023/4/5 13:12,5:12,N,VIIRS Suomi-NPP,n,2.0NRT,289.01,1.82,D,"Beihua Street, Anfu Road, Jianhua District, Qiqihar City, Heilongjiang Province"
47.43114,124.03043,335.35,0.49,0.49,2023/4/5 13:12,5:12,N,VIIRS Suomi-NPP,n,2.0NRT,284.8,6.73,D,"Beihua Street, Anfu Road, Jianhua District, Qiqihar City, Heilongjiang Province"
47.42359,123.49541,327.92,0.47,0.47,2023/4/5 13:12,5:12,N,VIIRS Suomi-NPP,n,2.0NRT,287.33,3.16,D,"Halahai Township, Qilong Highway, Longjiang County, Qiqihar City, Heilongjiang Province"
47.57483,125.76019,330.02,0.6,0.53,2023/4/5 13:12,5:12,N,VIIRS Suomi-NPP,n,2.0NRT,283.56,2.6,D,"Yongqin Township, Baiquan County, Qiqihar City, Heilongjiang Province"
47.69182,126.48399,332.82,0.32,0.55,2023/4/5 13:12,5:12,N,VIIRS Suomi-NPP,n,2.0NRT,275.03,2.36,D,"Guofu Town, Baiquan County, Qiqihar City, Heilongjiang Province"
47.69138,126.47498,331.97,0.32,0.55,2023/4/5 13:12,5:12,N,VIIRS Suomi-NPP,n,2.0NRT,273.48,3.36,D,"Guofu Town, Baiquan County, Qiqihar City, Heilongjiang Province"
47.74888,126.13324,325.14,0.62,0.54,2023/4/5 13:12,5:12,N,VIIRS Suomi-NPP,n,2.0NRT,279.67,3.36,D,"Xinghua Township, Baiquan County, Qiqihar City, Heilongjiang Province"
47.74705,125.62674,329.43,0.59,0.53,2023/4/5 13:12,5:12,N,VIIRS Suomi-NPP,n,2.0NRT,288.18,4.17,D,"Changchun Town, G333 Baiquan County, Qiqihar City, Heilongjiang Province"
47.75196,125.62627,341.39,0.59,0.53,2023/4/5 13:12,5:12,N,VIIRS Suomi-NPP,n,2.0NRT,288.23,4.17,D,"Changchun Town, Baiquan County, Qiqihar City, Heilongjiang Province"
47.62783,123.33874,333.55,0.46,0.47,2023/4/5 13:12,5:12,N,VIIRS Suomi-NPP,n,2.0NRT,297.63,2.63,D,"Qikeshu Town, Longjiang County, Qiqihar City, Heilongjiang Province"
47.62688,123.33878,333.14,0.46,0.47,2023/4/5 13:12,5:12,N,VIIRS Suomi-NPP,n,2.0NRT,297.71,3.49,D,"Qikeshu Town, Longjiang County, Qiqihar City, Heilongjiang Province"
47.70312,124.11758,341.75,0.5,0.49,2023/4/5 13:12,5:12,N,VIIRS Suomi-NPP,n,2.0NRT,279.56,6.39,D,"Mangetu Dauru Township, Merish Dauru District, Qiqihar City, Heilongjiang Province"
47.64421,123.15354,331.42,0.45,0.47,2023/4/5 13:12,5:12,N,VIIRS Suomi-NPP,n,2.0NRT,297.25,4.1,D,"Qikeshu Town, Longjiang County, Qiqihar City, Heilongjiang Province"
47.66935,123.31293,335.31,0.46,0.47,2023/4/5 13:12,5:12,N,VIIRS Suomi-NPP,n,2.0NRT,293.79,2.81,D,"Zhongxing Township, Gannan County, Qiqihar City, Heilongjiang Province"
47.65676,123.14488,341.47,0.45,0.47,2023/4/5 13:12,5:12,N,VIIRS Suomi-NPP,n,2.0NRT,295.52,6.84,D,"Zhongxing Township, Gannan County, Qiqihar City, Heilongjiang Province"
47.63559,122.81404,338.75,0.44,0.46,2023/4/5 13:12,5:12,N,VIIRS Suomi-NPP,n,2.0NRT,292.65,2.67,D,"Nianzishan District, Nianzishan District, Qiqihar City, Heilongjiang Province"
47.74317,123.17267,332.06,0.46,0.47,2023/4/5 13:12,5:12,N,VIIRS Suomi-NPP,n,2.0NRT,293.19,3.85,D,"Zhongxing Township, Gannan County, Qiqihar City, Heilongjiang Province"
47.83434,123.50291,348.98,0.47,0.48,2023/4/5 13:12,5:12,N,VIIRS Suomi-NPP,n,2.0NRT,300.32,6.33,D,"Gannan Town, Gannan County, Qiqihar City, Heilongjiang Province"
47.86923,123.92181,344.3,0.49,0.49,2023/4/5 13:12,5:12,N,VIIRS Suomi-NPP,n,2.0NRT,285.24,19.1,D,"Jubao Town, Gannan County, Qiqihar City, Heilongjiang Province"
47.83876,123.50217,354.1,0.47,0.48,2023/4/5 13:12,5:12,N,VIIRS Suomi-NPP,n,2.0NRT,296.07,13.29,D,"Gannan Town, Gannan County, Qiqihar City, Heilongjiang Province"
47.87464,123.40396,341.36,0.47,0.48,2023/4/5 13:12,5:12,N,VIIRS Suomi-NPP,n,2.0NRT,294.32,6.49,D,"Gannan Town, Gannan County, Qiqihar City, Heilongjiang Province"
48.04994,125.85953,325.05,0.61,0.53,2023/4/5 13:12,5:12,N,VIIRS Suomi-NPP,n,2.0NRT,275.25,4.11,D,"Keshan Town, Nuke Highway, Keshan County, Qiqihar City, Heilongjiang Province"
48.10463,125.76149,327.48,0.6,0.53,2023/4/5 13:12,5:12,N,VIIRS Suomi-NPP,n,2.0NRT,280.85,3.49,D,"Gubei Township, Keshan County, Qiqihar City, Heilongjiang Province"
48.16111,125.58884,340.81,0.59,0.53,2023/4/5 13:12,5:12,N,VIIRS Suomi-NPP,n,2.0NRT,279.95,10.99,D,"Xicheng Town, Keshan County, Qiqihar City, Heilongjiang Province"
49.13843,124.53798,340.82,0.54,0.51,2023/4/5 13:12,5:12,N,VIIRS Suomi-NPP,n,2.0NRT,290.26,5.68,D,"Tengke Town, Inner Mongolia Autonomous Region Hulunbeier City Moli Dawa Daur Autonomous Banner"
49.35207,124.3548,337.62,0.53,0.5,2023/4/5 13:12,5:12,N,VIIRS Suomi-NPP,n,2.0NRT,295.5,4.7,D,"State-owned Ganhe Farm, Inner Mongolia Autonomous Region Hulunbeier City Moli Dawa Daur Autonomous Banner"
49.40965,125.18535,344.84,0.58,0.52,2023/4/5 13:12,5:12,N,VIIRS Suomi-NPP,n,2.0NRT,291.89,7.65,D,"Hadayang Town, Hulunbeier City, Inner Mongolia Autonomous Region Moli Dawa Daur Autonomous Banner"
18.80648,109.2339,343.23,0.5,0.66,2023/4/5 14:44,6:44,N,VIIRS Suomi-NPP,n,2.0NRT,295.77,7.99,D,"Baoyou Town, Ledong Li Autonomous County, Ledong Li Autonomous County, Hainan Province"
18.83764,108.68898,367,0.46,0.64,2023/4/5 14:44,6:44,N,VIIRS Suomi-NPP,h,2.0NRT,300.74,12.11,D,"Gancheng Town, Dongfang City, Dongfang City, Hainan Province"
18.84032,108.68844,367,0.46,0.64,2023/4/5 14:44,6:44,N,VIIRS Suomi-NPP,h,2.0NRT,300.55,14.54,D,"Gancheng Town, Dongfang City, Dongfang City, Hainan Province"
18.80668,109.23305,333.6,0.5,0.66,2023/4/5 14:44,6:44,N,VIIRS Suomi-NPP,n,2.0NRT,295.58,6.11,D,"Baoyou Town, Ledong Li Autonomous County, Ledong Li Autonomous County, Hainan Province"
18.80713,109.23801,349.74,0.5,0.66,2023/4/5 14:44,6:44,N,VIIRS Suomi-NPP,n,2.0NRT,295.71,6.11,D,"Wanchong Town, Ledong Li Autonomous County, Ledong Li Autonomous County, Hainan Province"
18.80696,109.23885,340.41,0.5,0.66,2023/4/5 14:44,6:44,N,VIIRS Suomi-NPP,n,2.0NRT,295.29,9.57,D,"Wanchong Town, Ledong Li Autonomous County, Ledong Li Autonomous County, Hainan Province"
20.58391,110.2298,367,0.61,0.71,2023/4/5 14:46,6:46,N,VIIRS Suomi-NPP,h,2.0NRT,293.89,12.94,D,"Shifeng Town, Leizhou City, Zhanjiang City, Guangdong Province"
23.017,103.7617,333.12,0.5,0.49,2023/4/5 14:46,6:46,N,VIIRS Suomi-NPP,n,2.0NRT,306.14,3.39,D,"Yuping Town, Honghe Hani and Yi Autonomous Prefecture, Pingbian and Miao Autonomous County, Yunnan Province S235"
23.01736,103.7632,335.05,0.5,0.49,2023/4/5 14:46,6:46,N,VIIRS Suomi-NPP,n,2.0NRT,307.04,3.05,D,"Yuping Town, Zhibai Line, Pingbian Miao Autonomous County, Honghe Hani and Yi Autonomous Prefecture, Yunnan Province"
23.36868,107.18756,331.3,0.42,0.61,2023/4/5 14:46,6:46,N,VIIRS Suomi-NPP,n,2.0NRT,301.23,4.04,D,"Jiangcheng Town, Tiandong County, Baise City, Guangxi Zhuang Autonomous Region"
23.49253,107.54576,339.42,0.44,0.62,2023/4/5 14:46,6:46,N,VIIRS Suomi-NPP,n,2.0NRT,299.79,2.83,D,"Taiping Town, Pingguo City, Baise City, Guangxi Zhuang Autonomous Region"
23.1371,103.9705,338.58,0.52,0.5,2023/4/5 14:46,6:46,N,VIIRS Suomi-NPP,n,2.0NRT,302.39,5.62,D,"Xinjie Township, Wenshan City, Wenshan Zhuang and Miao Autonomous Prefecture, Yunnan Province"
23.13613,103.96837,341.02,0.52,0.5,2023/4/5 14:46,6:46,N,VIIRS Suomi-NPP,n,2.0NRT,303.85,4.36,D,"Xinjie Township, Wenshan City, Wenshan Zhuang and Miao Autonomous Prefecture, Yunnan Province"
23.44408,106.96764,367,0.41,0.6,2023/4/5 14:46,6:46,N,VIIRS Suomi-NPP,h,2.0NRT,301.26,8.03,D,"Xuodengyao Township, X752 Tiandong County, Baise City, Guangxi Zhuang Autonomous Region"
23.4923,107.54647,337.29,0.44,0.62,2023/4/5 14:46,6:46,N,VIIRS Suomi-NPP,n,2.0NRT,299.83,3.12,D,"Taiping Town, Pingguo City, Baise City, Guangxi Zhuang Autonomous Region"
23.44375,106.96371,333.66,0.4,0.6,2023/4/5 14:46,6:46,N,VIIRS Suomi-NPP,n,2.0NRT,299.18,4.82,D,"As Dengyao Township, Tiandong County, Baise City, Guangxi Zhuang Autonomous Region"
23.49809,107.54546,350.15,0.44,0.62,2023/4/5 14:46,6:46,N,VIIRS Suomi-NPP,n,2.0NRT,299.17,5.69,D,"Taiping Town, Pingguo City, Baise City, Guangxi Zhuang Autonomous Region"
23.26415,104.75294,340.88,0.58,0.52,2023/4/5 14:46,6:46,N,VIIRS Suomi-NPP,n,2.0NRT,302.21,14.15,D,"Berlin Township, Xiquan County, Wenshan Zhuang and Miao Autonomous Prefecture, Yunnan Province"
23.43263,106.33681,345.49,0.37,0.58,2023/4/5 14:46,6:46,N,VIIRS Suomi-NPP,n,2.0NRT,308.28,7.71,D,"Jingdezhen, Maxin Line, Debao County, Baise City, Guangxi Zhuang Autonomous Region"
23.43231,106.33329,341.58,0.37,0.58,2023/4/5 14:46,6:46,N,VIIRS Suomi-NPP,n,2.0NRT,306.5,5.12,D,"Jingdezhen, Maxin Line, Debao County, Baise City, Guangxi Zhuang Autonomous Region"
23.48631,105.10181,343.73,0.62,0.54,2023/4/5 14:46,6:46,N,VIIRS Suomi-NPP,n,2.0NRT,311.35,19.13,D,"Donggan Town, Malipo County, Wenshan Zhuang and Miao Autonomous Prefecture, Yunnan Province"
23.59947,104.30173,351.97,0.55,0.51,2023/4/5 14:46,6:46,N,VIIRS Suomi-NPP,n,2.0NRT,312.37,15.96,D,"Jiangna Town, Yanshan County, Wenshan Zhuang and Miao Autonomous Prefecture, Yunnan Province"
23.60034,104.2991,340.44,0.55,0.51,2023/4/5 14:46,6:46,N,VIIRS Suomi-NPP,n,2.0NRT,308.96,21.18,D,"Jiangna Town, Yanshan County, Wenshan Zhuang and Miao Autonomous Prefecture, Yunnan Province"
23.60217,103.81366,367,0.51,0.5,2023/4/5 14:46,6:46,N,VIIRS Suomi-NPP,h,2.0NRT,313.32,22.5,D,"Dehou Town, Wenshan City, Wenshan Zhuang and Miao Autonomous Prefecture, Yunnan Province"
23.59806,103.16504,343.47,0.47,0.48,2023/4/5 14:46,6:46,N,VIIRS Suomi-NPP,n,2.0NRT,312.89,2.13,D,"Jijie Town, Honghe Hani Yi Autonomous Prefecture, Yunnan Province"
23.91034,105.14731,352.7,0.63,0.54,2023/4/5 14:46,6:46,N,VIIRS Suomi-NPP,n,2.0NRT,309.62,23.96,D,"Dongbao Township, Wenshan Zhuang and Miao Autonomous Prefecture, Yunnan Province Guangnan County Nandong Line"
23.9097,105.14542,345.46,0.63,0.54,2023/4/5 14:46,6:46,N,VIIRS Suomi-NPP,n,2.0NRT,313.13,30.47,D,"Dongbao Township, Wenshan Zhuang and Miao Autonomous Prefecture, Yunnan Province Guangnan County Nandong Line"
23.81119,103.95471,342.78,0.53,0.5,2023/4/5 14:46,6:46,N,VIIRS Suomi-NPP,n,2.0NRT,312.67,19.48,D,"Jianyi Town, Yanshan County, Wenshan Zhuang and Miao Autonomous Prefecture, Yunnan Province"
23.58381,101.55423,342.82,0.57,0.43,2023/4/5 14:46,6:46,N,VIIRS Suomi-NPP,n,2.0NRT,310.67,5.06,D,"Xin 'an Town, Mojiang Hani Autonomous County, Pu 'er City, Yunnan Province"
24.03643,105.49974,345.55,0.33,0.55,2023/4/5 14:46,6:46,N,VIIRS Suomi-NPP,n,2.0NRT,308.6,2.88,D,"Nazo Miao Township, Xilin County, Baise City, Guangxi Zhuang Autonomous Region"
24.03789,105.49924,353.54,0.33,0.55,2023/4/5 14:46,6:46,N,VIIRS Suomi-NPP,n,2.0NRT,308.9,5.35,D,"Nazo Miao Township, Xilin County, Baise City, Guangxi Zhuang Autonomous Region"
24.11275,105.85767,343.45,0.35,0.57,2023/4/5 14:46,6:46,N,VIIRS Suomi-NPP,n,2.0NRT,301.69,3.44,D,"Nabi Township, Tianlin County, Baise City, Guangxi Zhuang Autonomous Region"
23.82267,102.78633,344.1,0.45,0.47,2023/4/5 14:46,6:46,N,VIIRS Suomi-NPP,n,2.0NRT,314.89,24.22,D,"Qujiang Town, Jianshui County, Honghe Hani and Yi Autonomous Prefecture, Yunnan Province"
23.82217,102.78191,340.63,0.45,0.47,2023/4/5 14:46,6:46,N,VIIRS Suomi-NPP,n,2.0NRT,311.16,12.77,D,"Qujiang Town, Jianshui County, Honghe Hani and Yi Autonomous Prefecture, Yunnan Province"
24.19406,106.15582,351.07,0.37,0.58,2023/4/5 14:46,6:46,N,VIIRS Suomi-NPP,n,2.0NRT,302.88,6.72,D,"Bagui Yao Township, Tianlin County, Baise City, Guangxi Zhuang Autonomous Region"
24.19659,106.15485,350.22,0.37,0.58,2023/4/5 14:46,6:46,N,VIIRS Suomi-NPP,n,2.0NRT,301.11,7.53,D,"Bagui Yao Township, Tianlin County, Baise City, Guangxi Zhuang Autonomous Region"
23.64695,99.8905,337.85,0.47,0.39,2023/4/5 14:46,6:46,N,VIIRS Suomi-NPP,n,2.0NRT,309.3,5,D,"Lanku Town, Shuangjiang Lahu Wa Brown Dai Autonomous County, Lincang City, Yunnan Province"
24.29589,105.722,344.3,0.35,0.56,2023/4/5 14:46,6:46,N,VIIRS Suomi-NPP,n,2.0NRT,306.61,3.37,D,"Ding 'an Town, Tianlin County, Baise City, Guangxi Zhuang Autonomous Region"
23.60607,98.95345,333,0.43,0.38,2023/4/5 14:46,6:46,N,VIIRS Suomi-NPP,n,2.0NRT,299.77,4.89,D,"Mengding Town, Gengma Dai Wa Autonomous County, Lincang City, Yunnan Province"
24.39843,105.39999,348.91,0.33,0.55,2023/4/5 14:46,6:46,N,VIIRS Suomi-NPP,n,2.0NRT,308.65,3.29,D,"Yancha Township, Longlin Autonomous County, Baise City, Guangxi Zhuang Autonomous Region"
24.40381,105.40192,340.65,0.33,0.55,2023/4/5 14:46,6:46,N,VIIRS Suomi-NPP,n,2.0NRT,305.76,7.5,D,"Yancha Township, Longlin Autonomous County, Baise City, Guangxi Zhuang Autonomous Region"
24.40342,105.39782,340.14,0.33,0.55,2023/4/5 14:46,6:46,N,VIIRS Suomi-NPP,n,2.0NRT,306.31,3.29,D,"Yancha Township, Longlin Autonomous County, Baise City, Guangxi Zhuang Autonomous Region"
24.48476,105.41378,345.15,0.33,0.55,2023/4/5 14:46,6:46,N,VIIRS Suomi-NPP,n,2.0NRT,304.37,6.96,D,"Yancha Township, Longlin Autonomous County, Baise City, Guangxi Zhuang Autonomous Region"
24.48445,105.4104,349.75,0.33,0.55,2023/4/5 14:46,6:46,N,VIIRS Suomi-NPP,n,2.0NRT,304.09,4.86,D,"Yancha Township, Longlin Autonomous County, Baise City, Guangxi Zhuang Autonomous Region"
23.851,99.69053,342.02,0.46,0.39,2023/4/5 14:46,6:46,N,VIIRS Suomi-NPP,n,2.0NRT,300.93,7.92,D,"Yongyong Town, Gengma Dai and Wa Autonomous County, Lincang City, Yunnan Province"
24.71799,108.06214,338.78,0.49,0.65,2023/4/5 14:46,6:46,N,VIIRS Suomi-NPP,n,2.0NRT,290.78,3.01,D,"Dongjiang Town, Beihuan Road, Jinchengjiang District, Hechi City, Guangxi Zhuang Autonomous Region"
25.12689,106.45334,333.24,0.39,0.59,2023/4/5 14:46,6:46,N,VIIRS Suomi-NPP,n,2.0NRT,304.71,6.18,D,"Anwu Town, Wangmu County, Buyi and Miao Autonomous Prefecture, Southwest Guizhou Province"
25.13251,106.45374,349.48,0.39,0.59,2023/4/5 14:46,6:46,N,VIIRS Suomi-NPP,n,2.0NRT,304.26,6.18,D,"Anwu Town, Wangmu County, Buyi and Miao Autonomous Prefecture, Southwest Guizhou Province"
25.2572,107.47071,332.41,0.46,0.63,2023/4/5 14:46,6:46,N,VIIRS Suomi-NPP,n,2.0NRT,291.13,5.78,D,"Mangchang Town, Nandan County, Hechi City, Guangxi Zhuang Autonomous Region"
24.78311,102.42883,337.13,0.44,0.46,2023/4/5 14:46,6:46,N,VIIRS Suomi-NPP,n,2.0NRT,300.95,4.67,D,"County Street, Rongchang Street, Anning City, Kunming City, Yunnan Province"
24.50594,98.1563,331.64,0.41,0.37,2023/4/5 14:46,6:46,N,VIIRS Suomi-NPP,n,2.0NRT,298.09,2.67,D,"Prince Shu Township, Longchuan County, Jingpo Autonomous Prefecture, Dehong Dai Nationality, Yunnan Province"
25.46543,104.57632,340.61,0.6,0.53,2023/4/5 14:46,6:46,N,VIIRS Suomi-NPP,n,2.0NRT,306.32,5.81,D,"Xiangshui Town, Panzhou City S217, Liupanshui City, Guizhou Province"
25.68363,105.28593,335.9,0.34,0.56,2023/4/5 14:46,6:46,N,VIIRS Suomi-NPP,n,2.0NRT,302.9,6.48,D,"Angu Township, Qinglong County, Buyi and Miao Autonomous Prefecture, Southwest Guizhou Province C066"
25.68327,105.28208,342.21,0.34,0.56,2023/4/5 14:46,6:46,N,VIIRS Suomi-NPP,n,2.0NRT,301.47,5.25,D,"Angu Township, Qinglong County, Buyi and Miao Autonomous Prefecture, Southwest Guizhou Province C066"
25.75632,106.03747,367,0.38,0.58,2023/4/5 14:46,6:46,N,VIIRS Suomi-NPP,h,2.0NRT,299.41,37.62,D,"Wufeng Subdistrict, Ziyun Miaozu Buyi Autonomous County, Anshun City, Guizhou Province"
25.756,106.03384,343.09,0.38,0.58,2023/4/5 14:46,6:46,N,VIIRS Suomi-NPP,n,2.0NRT,293.33,15.33,D,"Wufeng Subdistrict, Ziyun Miaozu Buyi Autonomous County, Anshun City, Guizhou Province"
25.76525,105.67493,331.07,0.36,0.57,2023/4/5 14:46,6:46,N,VIIRS Suomi-NPP,n,2.0NRT,288.73,2.81,D,"Huajiang Town, Guanling Buyi and Miao Autonomous County, Anshun City, Guizhou Province"
25.86113,105.19853,339.33,0.33,0.56,2023/4/5 14:46,6:46,N,VIIRS Suomi-NPP,n,2.0NRT,295.74,1.95,D,"Liancheng Street, Qinglong County X003, Buyi and Miao Autonomous Prefecture, Southwest Guizhou Province"
26.05099,105.60758,337.45,0.36,0.57,2023/4/5 14:46,6:46,N,VIIRS Suomi-NPP,n,2.0NRT,284.9,3.69,D,"Pendanshan Town, Ningbuyi and Miao Autonomous County, Anshun City, Guizhou Province"
26.06125,105.31035,342.91,0.34,0.56,2023/4/5 14:46,6:46,N,VIIRS Suomi-NPP,n,2.0NRT,291.52,5.76,D,"Langdai Town, Liuzhi Special District, Liupanshui City, Guizhou Province"
26.06097,105.30721,351.41,0.34,0.56,2023/4/5 14:46,6:46,N,VIIRS Suomi-NPP,n,2.0NRT,288.58,7.83,D,"Langdai Town, Liuzhi Special District, Liupanshui City, Guizhou Province"
26.15793,106.06129,339.14,0.38,0.59,2023/4/5 14:46,6:46,N,VIIRS Suomi-NPP,n,2.0NRT,284.39,3.7,D,"Chicken Farm Buyi and Miao Township, Xixiu District, Anshun City, Guizhou Province"
26.22909,105.18993,340.96,0.34,0.56,2023/4/5 14:46,6:46,N,VIIRS Suomi-NPP,n,2.0NRT,305.36,5.39,D,"Zhongzhai Miao Yi Buyi Township, Liuzhi Special Zone, Liupanshui City, Guizhou Province"
26.22509,105.19066,337.18,0.34,0.56,2023/4/5 14:46,6:46,N,VIIRS Suomi-NPP,n,2.0NRT,303.76,1.48,D,"Zhongzhai Miao Yi Buyi Township, Liuzhi Special Zone, Liupanshui City, Guizhou Province"
27.15666,104.91562,349.48,0.33,0.55,2023/4/5 14:46,6:46,N,VIIRS Suomi-NPP,n,2.0NRT,293.78,5.77,D,"Pingshan Town, Hezhang County, Bijie City, Guizhou Province"
27.15835,104.91704,331.81,0.33,0.55,2023/4/5 14:46,6:46,N,VIIRS Suomi-NPP,n,2.0NRT,294.81,6.24,D,"Pingshan Town, Hezhang County, Bijie City, Guizhou Province"
27.21977,103.50511,334.38,0.54,0.51,2023/4/5 14:48,6:48,N,VIIRS Suomi-NPP,n,2.0NRT,299.49,4.24,D,"Xiaozhai Town, Ludian County, Zhaotong City, Yunnan Province"
42.28167,85.92823,335.63,0.49,0.4,2023/4/5 14:52,6:52,N,VIIRS Suomi-NPP,n,2.0NRT,299.2,2.85,D,"Halmodun Town, Bayingoleng Mongolian Autonomous Prefecture and Jingxian County, Xinjiang Uygur Autonomous Region"
42.78559,93.46471,338.79,0.42,0.37,2023/4/5 14:52,6:52,N,VIIRS Suomi-NPP,n,2.0NRT,300.98,4.01,D,"Huayuan Township, S235, Yizhou District, Hami City, Xinjiang Uygur Autonomous Region"
44.1738,87.99516,335.64,0.4,0.37,2023/4/5 14:52,6:52,N,VIIRS Suomi-NPP,n,2.0NRT,300.22,2.96,D,"Chengguan Town, Fukang City, Changji Hui Autonomous Prefecture, Xinjiang Uygur Autonomous Region"
44.35302,87.9477,339.8,0.4,0.37,2023/4/5 14:52,6:52,N,VIIRS Suomi-NPP,n,2.0NRT,298.01,3.72,D,"Corps 222nd Regiment Farm, Fukang City, Changji Hui Autonomous Prefecture, Xinjiang Uygur Autonomous Region"
44.43762,87.58309,330.93,0.41,0.37,2023/4/5 14:52,6:52,N,VIIRS Suomi-NPP,n,2.0NRT,299.97,1.41,D,"Wujiaqu City, Wujiaqu City, Xinjiang Uygur Autonomous Region"
43.59084,82.27428,330.76,0.44,0.46,2023/4/5 14:52,6:52,N,VIIRS Suomi-NPP,n,2.0NRT,301.12,2.24,D,"Ajelsen Town, Gongliu County, Yili Kazakh Autonomous Prefecture, Xinjiang Uygur Autonomous Region"
43.76342,81.7003,339.99,0.46,0.47,2023/4/5 14:52,6:52,N,VIIRS Suomi-NPP,n,2.0NRT,304.16,4.61,D,"Yingtamu Town, Yining County, Yili Kazakh Autonomous Prefecture, Xinjiang Uygur Autonomous Region"
43.76388,81.69875,334.2,0.46,0.47,2023/4/5 14:52,6:52,N,VIIRS Suomi-NPP,n,2.0NRT,302.99,2.32,D,"Yingtamu Town, Yining County, Yili Kazakh Autonomous Prefecture, Xinjiang Uygur Autonomous Region"
43.66539,81.19264,330.98,0.49,0.48,2023/4/5 14:52,6:52,N,VIIRS Suomi-NPP,n,2.0NRT,300.82,1.07,D,"Chabuchar Xibe Autonomous County, Yili Kazakh Autonomous Prefecture, Xinjiang Uygur Autonomous Region, Jiaxitai Town"
44.71522,85.67765,331.47,0.46,0.39,2023/4/5 14:52,6:52,N,VIIRS Suomi-NPP,n,2.0NRT,301.23,2.1,D,"Sidaohezi Town, Shawan City, Tacheng District, Xinjiang Uygur Autonomous Region"
44.8259,86.14526,330.3,0.44,0.38,2023/4/5 14:52,6:52,N,VIIRS Suomi-NPP,n,2.0NRT,297.84,0.78,D,"149th Corps, Manas County, Changji Hui Autonomous Prefecture, Xinjiang Uygur Autonomous Region"
43.88068,81.48314,346.33,0.47,0.47,2023/4/5 14:52,6:52,N,VIIRS Suomi-NPP,n,2.0NRT,306.34,8.78,D,"Toglak Township, Xinjiang Uygur Autonomous Region Yili Kazakh Autonomous Prefecture Yining City X703"
43.80679,80.98904,343.64,0.49,0.49,2023/4/5 14:52,6:52,N,VIIRS Suomi-NPP,n,2.0NRT,298.81,3.68,D,"Duqi Niulu Township, Xinjiang Uygur Autonomous Region Yili Kazakh Autonomous Prefecture Chabuchar Xibo Autonomous County"
44.5535,84.23788,335.97,0.52,0.41,2023/4/5 14:52,6:52,N,VIIRS Suomi-NPP,n,2.0NRT,301.17,11.31,D,"Hatubhu Town, Wusu City, Tacheng District, Xinjiang Uygur Autonomous Region"
43.81517,80.92553,356.51,0.5,0.49,2023/4/5 14:52,6:52,N,VIIRS Suomi-NPP,n,2.0NRT,305.39,8.37,D,"Duqi Niulu Township, Xinjiang Uygur Autonomous Region Yili Kazakh Autonomous Prefecture Chabuchar Xibo Autonomous County"
43.85838,81.06293,333.47,0.49,0.48,2023/4/5 14:52,6:52,N,VIIRS Suomi-NPP,n,2.0NRT,299.41,1.86,D,"68th Regiment, Xinjiang Uygur Autonomous Region Kekedala City Kekedala City X719"
44.63528,82.80192,344.65,0.39,0.44,2023/4/5 14:52,6:52,N,VIIRS Suomi-NPP,n,2.0NRT,302.04,16.9,D,"Eight Families Farm, Jinghe County, Bortala Mongolia Autonomous Prefecture, Xinjiang Uygur Autonomous Region"
44.63421,82.79712,332.79,0.39,0.44,2023/4/5 14:52,6:52,N,VIIRS Suomi-NPP,n,2.0NRT,297.18,11.39,D,"Eight Families Farm, Jinghe County, Bortala Mongolia Autonomous Prefecture, Xinjiang Uygur Autonomous Region"
46.49727,87.66296,337.87,0.39,0.36,2023/4/5 14:52,6:52,N,VIIRS Suomi-NPP,n,2.0NRT,297.61,3.95,D,"Fuhai County, Altai District, Xinjiang Uygur Autonomous Region, Jidei Township, Qigan"
46.46944,87.33131,331.35,0.4,0.37,2023/4/5 14:52,6:52,N,VIIRS Suomi-NPP,n,2.0NRT,299.5,5.54,D,"Fuhai County, Altai District, Xinjiang Uygur Autonomous Region, Jidei Township, Qigan"
46.83135,87.79926,344.21,0.39,0.36,2023/4/5 14:52,6:52,N,VIIRS Suomi-NPP,n,2.0NRT,300.78,8.22,D,"Kalamagai Town, Fuhai County, Altai District, Xinjiang Uygur Autonomous Region"
46.83464,87.79809,353.84,0.39,0.36,2023/4/5 14:52,6:52,N,VIIRS Suomi-NPP,n,2.0NRT,303.96,8.22,D,"Kalamagai Town, Fuhai County, Altai District, Xinjiang Uygur Autonomous Region"
46.8338,87.79304,348.53,0.39,0.36,2023/4/5 14:52,6:52,N,VIIRS Suomi-NPP,n,2.0NRT,300.27,8.22,D,"Kalamagai Town, Fuhai County, Altai District, Xinjiang Uygur Autonomous Region"
46.83792,87.79692,351.55,0.39,0.36,2023/4/5 14:52,6:52,N,VIIRS Suomi-NPP,n,2.0NRT,297.03,6.61,D,"Kalamagai Town, Fuhai County, Altai District, Xinjiang Uygur Autonomous Region"
46.83708,87.79187,350.68,0.39,0.36,2023/4/5 14:52,6:52,N,VIIRS Suomi-NPP,n,2.0NRT,298.83,6.61,D,"Kalamagai Town, Fuhai County, Altai District, Xinjiang Uygur Autonomous Region"
46.9296,87.72948,336.37,0.39,0.36,2023/4/5 14:52,6:52,N,VIIRS Suomi-NPP,n,2.0NRT,298.54,4.54,D,"Fuhai County, Altai District, Xinjiang Uygur Autonomous Region, Jidei Township, Qigan"
47.0681,88.15887,336.62,0.39,0.36,2023/4/5 14:52,6:52,N,VIIRS Suomi-NPP,n,2.0NRT,295,3.24,D,"Fuhai County, Altai District, Xinjiang Uygur Autonomous Region, Jidei Township, Qigan"
47.07137,88.15773,344.06,0.39,0.36,2023/4/5 14:52,6:52,N,VIIRS Suomi-NPP,n,2.0NRT,294.7,3.24,D,"Fuhai County, Altai District, Xinjiang Uygur Autonomous Region, Jidei Township, Qigan"
42.29616,85.92298,342.3,0.49,0.4,2023/4/5 14:52,6:52,N,VIIRS Suomi-NPP,n,2.0NRT,298.92,4.49,D,"West Yingbin Road, Bayingoling Mongolia Autonomous Prefecture and Jingxian County, Xinjiang Uygur Autonomous Region, Halmodun Town"
44.06642,87.60386,333.06,0.41,0.37,2023/4/5 14:52,6:52,N,VIIRS Suomi-NPP,n,2.0NRT,298.65,1.7,D,"X141 Midong District, Urumqi City, Xinjiang Uygur Autonomous Region, Changshanzi Town"
47.17812,87.54092,341.39,0.39,0.36,2023/4/5 14:54,6:54,N,VIIRS Suomi-NPP,n,2.0NRT,297.18,6.9,D,"Fuhai County, Altai District, Xinjiang Uygur Autonomous Region"
47.0888,87.78566,336.45,0.39,0.36,2023/4/5 14:54,6:54,N,VIIRS Suomi-NPP,n,2.0NRT,298.67,5.33,D,"Region 1 Farm, Xinjiang Uygur Autonomous Region Altai District Fuhai County X846"
47.72522,87.21949,340.98,0.39,0.36,2023/4/5 14:54,6:54,N,VIIRS Suomi-NPP,n,2.0NRT,295.01,4.27,D,"Burjin County, Altai District, Duleiti Township, Xinjiang Uygur Autonomous Region"
47.08717,87.78918,336.46,0.39,0.36,2023/4/5 14:54,6:54,N,VIIRS Suomi-NPP,n,2.0NRT,296.79,2.5,D,"Region 1 Farm, Xinjiang Uygur Autonomous Region Altai District Fuhai County X846"
47.31532,88.26897,333.47,0.39,0.36,2023/4/5 14:54,6:54,N,VIIRS Suomi-NPP,n,2.0NRT,298.28,2.88,D,"Handet Mongolian Township, Altai City, Altai Region, Xinjiang Uygur Autonomous Region"
47.3104,88.28131,345.06,0.39,0.36,2023/4/5 14:54,6:54,N,VIIRS Suomi-NPP,n,2.0NRT,297.85,4.32,D,"Handet Mongolian Township, Altai City, Altai Region, Xinjiang Uygur Autonomous Region"
43.86126,81.02935,339.53,0.55,0.68,2023/4/5 16:35,8:35,N,VIIRS Suomi-NPP,n,2.0NRT,299.49,2.58,D,"68th Regiment of the Corps, Yifu Road, Kekedala City, Xinjiang Uygur Autonomous Region"
44.38813,120.56413,296.75,0.44,0.46,2023/4/6 1:26,17:26,N,VIIRS Suomi-NPP,n,2.0NRT,267.31,0.82,N,"Xiangshan Town, Zalute Banner S306, Tongliao City, Inner Mongolia Autonomous Region"
43.92891,125.60232,301.46,0.42,0.38,2023/4/6 1:26,17:26,N,VIIRS Suomi-NPP,n,2.0NRT,265.37,0.6,N,"Quanyan Town, Erdao District, Changchun City, Jilin Province"
44.46606,120.63972,295.27,0.44,0.46,2023/4/6 1:26,17:26,N,VIIRS Suomi-NPP,n,2.0NRT,265.53,1.11,N,"Xiangshan Town, Zalute Banner, Tongliao City, Inner Mongolia Autonomous Region"
44.59137,120.97564,320.27,0.43,0.46,2023/4/6 1:26,17:26,N,VIIRS Suomi-NPP,n,2.0NRT,266.6,2.28,N,"Zalute Banner, Tongliao City, Inner Mongolia Autonomous Region, Lubei Town"
44.59481,121.26915,333.73,0.41,0.45,2023/4/6 1:26,17:26,N,VIIRS Suomi-NPP,n,2.0NRT,267.85,3.28,N,"Huanghuashan Town, Zalute Banner, Tongliao City, Inner Mongolia Autonomous Region"
44.14451,125.68703,321.87,0.42,0.38,2023/4/6 1:26,17:26,N,VIIRS Suomi-NPP,n,2.0NRT,248.2,4.27,N,"Jijia Subdistrict, Jiutai District, Changchun City, Jilin Province"
44.24799,125.0712,298.16,0.44,0.38,2023/4/6 1:26,17:26,N,VIIRS Suomi-NPP,n,2.0NRT,266.59,1.01,N,"Kai 'an Town, Nong 'an County, Changchun City, Jilin Province"
47.29895,122.63589,296.03,0.39,0.44,2023/4/6 1:26,17:26,N,VIIRS Suomi-NPP,n,2.0NRT,265.84,0.65,N,"X048 Longjiang County, Qiqihar City, Heilongjiang Province, Jiqin River Township"
45.48014,121.78455,312.82,0.4,0.44,2023/4/6 1:26,17:26,N,VIIRS Suomi-NPP,n,2.0NRT,271.7,1.7,N,"Shuiquan Town, Tuquan County, Xing 'an League, Inner Mongolia Autonomous Region"
45.47461,121.79932,296.32,0.4,0.44,2023/4/6 1:26,17:26,N,VIIRS Suomi-NPP,n,2.0NRT,270.42,1.04,N,"Shuiquan Town, Tuquan County, Xing 'an League, Inner Mongolia Autonomous Region"
45.4521,121.86308,311.19,0.4,0.44,2023/4/6 1:26,17:26,N,VIIRS Suomi-NPP,n,2.0NRT,270.55,1.29,N,"Shuiquan Town, Tuquan County, Xing 'an League, Inner Mongolia Autonomous Region"
45.03318,121.08028,308.99,0.43,0.46,2023/4/6 1:26,17:26,N,VIIRS Suomi-NPP,n,2.0NRT,271.16,1.08,N,"Bayan Hushu Town, Inner Mongolia Autonomous Region Xing 'an League Horqin Right Center Flag"
44.92517,121.24214,300.33,0.42,0.45,2023/4/6 1:26,17:26,N,VIIRS Suomi-NPP,n,2.0NRT,266.29,1.16,N,"Zalut Banner, Tongliao City, Inner Mongolia Autonomous Region"
44.92489,121.24095,309.49,0.42,0.45,2023/4/6 1:26,17:26,N,VIIRS Suomi-NPP,n,2.0NRT,267.28,1.66,N,"Zalut Banner, Tongliao City, Inner Mongolia Autonomous Region"
44.89366,121.3976,306.7,0.41,0.45,2023/4/6 1:26,17:26,N,VIIRS Suomi-NPP,n,2.0NRT,271.15,1.35,N,"Bayan Hushu Town, Inner Mongolia Autonomous Region Xing 'an League Horqin Right Center Flag"
44.80313,120.574,338.8,0.45,0.47,2023/4/6 1:26,17:26,N,VIIRS Suomi-NPP,n,2.0NRT,271.18,4.52,N,"Jurihe Town, Zalute Banner, Tongliao City, Inner Mongolia Autonomous Region"
44.25151,125.07204,296.11,0.44,0.38,2023/4/6 1:26,17:26,N,VIIRS Suomi-NPP,n,2.0NRT,266.5,1.01,N,"Huajia Town, Nong 'an County, Changchun City, Jilin Province"
43.31552,124.10091,296.85,0.46,0.39,2023/4/6 1:28,17:28,N,VIIRS Suomi-NPP,n,2.0NRT,268.28,0.72,N,"Lamadian Town, Lishu County, Siping City, Jilin Province"
43.2319,124.69307,307.97,0.44,0.38,2023/4/6 1:28,17:28,N,VIIRS Suomi-NPP,n,2.0NRT,269.54,1.38,N,"Mengjialing Town, Tiexi District, Siping City, Jilin Province"
42.31835,125.24959,299.12,0.42,0.37,2023/4/6 1:28,17:28,N,VIIRS Suomi-NPP,n,2.0NRT,274.57,1.77,N,"Hengdaohe Town, Dongfeng County, Liaoyuan City, Jilin Province"
40.04203,124.31835,312.49,0.42,0.38,2023/4/6 1:28,17:28,N,VIIRS Suomi-NPP,n,2.0NRT,277.71,1.28,N,"Anmin Town, Wafang Street, Zhenxing District, Dandong City, Liaoning Province"
39.66416,118.89999,302.34,0.48,0.48,2023/4/6 1:28,17:28,N,VIIRS Suomi-NPP,n,2.0NRT,274,1.61,N,"Anshan Town, Changli County, Qinhuangdao City, Hebei Province"
39.43373,118.46185,315.04,0.5,0.49,2023/4/6 1:28,17:28,N,VIIRS Suomi-NPP,n,2.0NRT,266.11,2.95,N,"Angezhuang Town, Lannan County, Tangshan City, Hebei Province G508"
39.43323,118.46114,315.29,0.5,0.49,2023/4/6 1:28,17:28,N,VIIRS Suomi-NPP,n,2.0NRT,265.45,3.07,N,"Angezhuang Town, Lannan County, Tangshan City, Hebei Province X607"
39.43272,118.46703,301.73,0.5,0.49,2023/4/6 1:28,17:28,N,VIIRS Suomi-NPP,n,2.0NRT,265.51,0.93,N,"Angezhuang Town, Lannan County, Tangshan City, Hebei Province X607"
35.65754,117.6427,297.25,0.5,0.49,2023/4/6 1:30,17:30,N,VIIRS Suomi-NPP,n,2.0NRT,273.7,0.58,N,"Zhongcun Town, Pingyi County, Linyi City, Shandong Province"
35.19157,119.03606,305.22,0.42,0.45,2023/4/6 1:30,17:30,N,VIIRS Suomi-NPP,n,2.0NRT,281.26,1.15,N,"Fangqian Town, Gunan County, Linyi City, Shandong Province"
30.74826,117.40307,295.57,0.46,0.47,2023/4/6 1:30,17:30,N,VIIRS Suomi-NPP,n,2.0NRT,278.85,1.18,N,"Lushan Town, Leyang County, Tongling City, Anhui Province"
22.17103,107.927,304.44,0.7,0.75,2023/4/6 1:34,17:34,N,VIIRS Suomi-NPP,n,2.0NRT,290.49,1.16,N,"Siyang Town, Shangsi County, Fangchenggang City, Guangxi Zhuang Autonomous Region"
19.44861,110.36514,304.57,0.46,0.64,2023/4/6 1:34,17:34,N,VIIRS Suomi-NPP,n,2.0NRT,294.37,0.58,N,"Longmen Town, Ding 'an County, Ding 'an County, Hainan Province"
44.41602,123.86115,302.32,0.76,0.77,2023/4/6 3:06,19:06,N,VIIRS Suomi-NPP,n,2.0NRT,266.51,1.54,N,"Changling Town, Changling County, Songyuan City, Jilin Province"
46.52963,88.65398,307.93,0.48,0.65,2023/4/6 3:08,19:08,N,VIIRS Suomi-NPP,n,2.0NRT,266.7,1.64,N,"Dujie Town, Fuyun County, Altai Region, Xinjiang Uygur Autonomous Region"
46.5292,88.67979,316.45,0.48,0.64,2023/4/6 3:08,19:08,N,VIIRS Suomi-NPP,n,2.0NRT,268.42,3.61,N,"Dujie Town, Fuyun County, Altai Region, Xinjiang Uygur Autonomous Region"
46.52909,88.68622,301.51,0.48,0.64,2023/4/6 3:08,19:08,N,VIIRS Suomi-NPP,n,2.0NRT,265.32,2.44,N,"Dujie Town, Fuyun County, Altai Region, Xinjiang Uygur Autonomous Region"
46.52888,88.69912,299.87,0.48,0.64,2023/4/6 3:08,19:08,N,VIIRS Suomi-NPP,n,2.0NRT,266.4,0.83,N,"Dujie Town, Fuyun County, Altai Region, Xinjiang Uygur Autonomous Region"
46.52877,88.70559,297.65,0.48,0.64,2023/4/6 3:08,19:08,N,VIIRS Suomi-NPP,n,2.0NRT,266.04,0.83,N,"Dujie Town, Fuyun County, Altai Region, Xinjiang Uygur Autonomous Region"
46.53453,88.68198,304.27,0.48,0.64,2023/4/6 3:08,19:08,N,VIIRS Suomi-NPP,n,2.0NRT,267.42,0.88,N,"Dujie Town, Fuyun County, Altai Region, Xinjiang Uygur Autonomous Region"
46.5285,88.6816,330.21,0.48,0.64,2023/4/6 3:08,19:08,N,VIIRS Suomi-NPP,n,2.0NRT,268.86,2.96,N,"Dujie Town, Fuyun County, Altai Region, Xinjiang Uygur Autonomous Region"
46.52905,88.6558,300.94,0.48,0.65,2023/4/6 3:08,19:08,N,VIIRS Suomi-NPP,n,2.0NRT,266.52,1.31,N,"Dujie Town, Fuyun County, Altai Region, Xinjiang Uygur Autonomous Region"
46.52808,88.70096,306.44,0.48,0.64,2023/4/6 3:08,19:08,N,VIIRS Suomi-NPP,n,2.0NRT,266.61,1.68,N,"Dujie Town, Fuyun County, Altai Region, Xinjiang Uygur Autonomous Region"
46.52315,88.64899,313.03,0.48,0.65,2023/4/6 3:08,19:08,N,VIIRS Suomi-NPP,n,2.0NRT,265.84,2.38,N,"Dujie Town, Fuyun County, Altai Region, Xinjiang Uygur Autonomous Region"
42.87341,90.33176,300.67,0.37,0.58,2023/4/6 3:08,19:08,N,VIIRS Suomi-NPP,n,2.0NRT,268.5,0.69,N,"Baizhan Town, C115, Yushan County, Turpan City, Xinjiang Uygur Autonomous Region"
37.41329,105.46733,300.15,0.48,0.4,2023/4/6 3:10,19:10,N,VIIRS Suomi-NPP,n,2.0NRT,271.24,1.51,N,"Xuanhe Town, Shapotou District, Zhongwei City, Ningxia Hui Autonomous Region"
27.72494,102.21114,320.57,0.48,0.4,2023/4/6 3:10,19:10,N,VIIRS Suomi-NPP,n,2.0NRT,292.01,2.05,N,"Anha Town, Xichang City, Liangshan Yi Autonomous Prefecture, Sichuan Province"
27.0558,102.10191,318.19,0.49,0.4,2023/4/6 3:13,19:13,N,VIIRS Suomi-NPP,n,2.0NRT,285.75,1.75,N,"Baima Town, Miyi County, Panzhihua City, Sichuan Province"
26.62831,101.48975,299.44,0.46,0.39,2023/4/6 3:13,19:13,N,VIIRS Suomi-NPP,n,2.0NRT,288.84,0.76,N,"Geliping Town, S310, West District, Panzhihua City, Sichuan Province"
26.50398,101.83717,311.7,0.48,0.4,2023/4/6 3:13,19:13,N,VIIRS Suomi-NPP,n,2.0NRT,286.66,1.73,N,"Jinjiang Town, G5 Renhe District, Panzhihua City, Sichuan Province"
26.66847,100.19575,308.1,0.42,0.37,2023/4/6 3:13,19:13,N,VIIRS Suomi-NPP,n,2.0NRT,281.27,1.5,N,"Xintun Town, Heqing County, Dali Bai Autonomous Prefecture, Yunnan Province"
24.95802,105.33643,309.71,0.53,0.5,2023/4/6 3:13,19:13,N,VIIRS Suomi-NPP,n,2.0NRT,289.82,2.01,N,"Dewo Town, Anlong County, Buyi and Miao Autonomous Prefecture, Southwest Guizhou Province"
24.68733,105.49231,301.5,0.55,0.51,2023/4/6 3:13,19:13,N,VIIRS Suomi-NPP,n,2.0NRT,287,1.36,N,"Pingban Town, Longlin National Autonomous County, Baise City, Guangxi Zhuang Autonomous Region"
24.88841,104.03742,302.94,0.45,0.47,2023/4/6 3:13,19:13,N,VIIRS Suomi-NPP,n,2.0NRT,287.57,1.36,N,"Zhiji Town, Shizong County, Qujing City, Yunnan Province"
24.40548,105.38895,312.12,0.55,0.51,2023/4/6 3:13,19:13,N,VIIRS Suomi-NPP,n,2.0NRT,290.83,1.34,N,"Yancha Township, Longlin Autonomous County, Baise City, Guangxi Zhuang Autonomous Region"
24.31145,104.5879,303.48,0.5,0.49,2023/4/6 3:13,19:13,N,VIIRS Suomi-NPP,n,2.0NRT,286.68,0.52,N,"Taixiang, Guangnan County, Wenshan Zhuang and Miao Autonomous Prefecture, Yunnan Province"
24.18511,104.27484,302.9,0.48,0.48,2023/4/6 3:13,19:13,N,VIIRS Suomi-NPP,n,2.0NRT,286.02,0.54,N,"Shuanglongying Town, Qiubei County, Wenshan Zhuang and Miao Autonomous Prefecture, Yunnan Province"
24.18413,104.27965,295.69,0.48,0.48,2023/4/6 3:13,19:13,N,VIIRS Suomi-NPP,n,2.0NRT,285.31,0.54,N,"Shuanglongying Town, Qiubei County, Wenshan Zhuang and Miao Autonomous Prefecture, Yunnan Province"
24.1559,102.92639,299.06,0.4,0.44,2023/4/6 3:13,19:13,N,VIIRS Suomi-NPP,n,2.0NRT,287.5,0.81,N,"Ningzhou Subdistrict, Huaning County, Yuxi City, Yunnan Province"
24.15188,102.92548,297.98,0.4,0.44,2023/4/6 3:13,19:13,N,VIIRS Suomi-NPP,n,2.0NRT,284.31,0.81,N,"Ningzhou Subdistrict, Huaning County, Yuxi City, Yunnan Province"
23.36474,106.67961,303.73,0.35,0.57,2023/4/6 3:13,19:13,N,VIIRS Suomi-NPP,n,2.0NRT,291.51,1.08,N,"Chengguan Town, G212 Debao County, Baise City, Guangxi Zhuang Autonomous Region"
23.48583,105.09135,305.69,0.55,0.51,2023/4/6 3:13,19:13,N,VIIRS Suomi-NPP,n,2.0NRT,288.22,1.42,N,"Majie Township, Malipo County, Wenshan Zhuang and Miao Autonomous Prefecture, Yunnan Province"
23.51932,104.69957,341.08,0.52,0.5,2023/4/6 3:13,19:13,N,VIIRS Suomi-NPP,n,2.0NRT,288.81,5.81,N,"Beng 'e Township, Yanshan County, Wenshan Zhuang and Miao Autonomous Prefecture, Yunnan Province"
23.51822,104.70486,319.73,0.52,0.5,2023/4/6 3:13,19:13,N,VIIRS Suomi-NPP,n,2.0NRT,287.58,6.12,N,"Beng 'e Township, Yanshan County, Wenshan Zhuang and Miao Autonomous Prefecture, Yunnan Province"
24.43928,98.49342,298.06,0.39,0.36,2023/4/6 3:13,19:13,N,VIIRS Suomi-NPP,n,2.0NRT,286.47,0.58,N,"Fengping Town, Mang City, Jingpo Autonomous Prefecture, Dehong Dai Nationality, Yunnan Province"
24.51725,97.78772,304.06,0.39,0.36,2023/4/6 3:13,19:13,N,VIIRS Suomi-NPP,n,2.0NRT,288.38,0.78,N,"Langzhang Town, Yunnan Dehong Dai Jingpo Autonomous Prefecture Yingjiang County S234"
23.61222,102.87297,298.54,0.4,0.45,2023/4/6 3:13,19:13,N,VIIRS Suomi-NPP,n,2.0NRT,287.55,0.4,N,"Lin 'an Town, Honghe Hani Yi Autonomous Prefecture, Yunnan Province G323"
23.1895,103.91452,299.43,0.47,0.48,2023/4/6 3:13,19:13,N,VIIRS Suomi-NPP,n,2.0NRT,287.7,0.73,N,"Heping Town, Pingbian Miao Autonomous County, Honghe Hani and Yi Autonomous Prefecture, Yunnan Province"
23.87223,99.74587,295.95,0.43,0.38,2023/4/6 3:13,19:13,N,VIIRS Suomi-NPP,n,2.0NRT,284.76,0.23,N,"Yongyong Town, Gengma Dai and Wa Autonomous County, Lincang City, Yunnan Province"
23.85394,99.68641,298.44,0.42,0.38,2023/4/6 3:13,19:13,N,VIIRS Suomi-NPP,n,2.0NRT,285.77,0.54,N,"Yongyong Town, Gengma Dai and Wa Autonomous County, Lincang City, Yunnan Province"
23.85321,99.69061,302.09,0.43,0.38,2023/4/6 3:13,19:13,N,VIIRS Suomi-NPP,n,2.0NRT,286.68,0.73,N,"Yongyong Town, Gengma Dai and Wa Autonomous County, Lincang City, Yunnan Province"
23.23596,100.27593,307.53,0.45,0.39,2023/4/6 3:13,19:13,N,VIIRS Suomi-NPP,n,2.0NRT,285.08,0.47,N,"Yongping Town, Jinggu Dai and Yi Autonomous County, Pu 'er City, Yunnan Province"
23.01782,101.0667,297.95,0.5,0.41,2023/4/6 3:13,19:13,N,VIIRS Suomi-NPP,n,2.0NRT,286.88,0.69,N,"Ning 'er Town, Ning 'er Hani Yi Autonomous County, Pu 'er City, Yunnan Province"
46.69533,87.87492,315.68,0.45,0.47,2023/4/6 4:49,20:49,N,VIIRS Suomi-NPP,n,2.0NRT,267.96,1.67,N,"Legion 182, Xinjiang Uygur Autonomous Region Altai District Fuhai County X886"
46.53695,88.66521,318,0.49,0.49,2023/4/6 4:49,20:49,N,VIIRS Suomi-NPP,n,2.0NRT,268.15,3.58,N,"Dujie Town, Fuyun County, Altai Region, Xinjiang Uygur Autonomous Region"
46.53499,88.66451,322.96,0.49,0.49,2023/4/6 4:49,20:49,N,VIIRS Suomi-NPP,n,2.0NRT,267.89,2.67,N,"Dujie Town, Fuyun County, Altai Region, Xinjiang Uygur Autonomous Region"
43.52783,83.29144,301.97,0.51,0.41,2023/4/6 4:51,20:51,N,VIIRS Suomi-NPP,n,2.0NRT,276.97,1.17,N,"Zheketai Town, Xinyuan County, Yili Kazakh Autonomous Prefecture, Xinjiang Uygur Autonomous Region"
43.52785,81.96502,295.93,0.46,0.39,2023/4/6 4:51,20:51,N,VIIRS Suomi-NPP,n,2.0NRT,277.33,1.53,N,"Legion 73rd Regiment, Jinqishan Road, Gongliu County, Yili Kazakh Autonomous Prefecture, Xinjiang Uygur Autonomous Region"
40.92594,86.89661,296.04,0.57,0.52,2023/4/6 4:51,20:51,N,VIIRS Suomi-NPP,n,2.0NRT,267.73,1.16,N,"31st Corps, Yuli County, Bayingoleng Mongolian Autonomous Prefecture, Xinjiang Uygur Autonomous Region"
44.14141,86.11411,299.06,0.43,0.46,2023/4/6 4:51,20:51,N,VIIRS Suomi-NPP,n,2.0NRT,274.97,0.82,N,"Kazak Township, Yankazitan, Manas County, Changji Hui Autonomous Prefecture, Xinjiang Uygur Autonomous Region"
44.20594,80.45789,297.8,0.41,0.37,2023/4/6 4:51,20:51,N,VIIRS Suomi-NPP,n,2.0NRT,273.18,0.6,N,"Sixty-second Regiment, Xinjiang Uygur Autonomous Region Ili Kazakh Autonomous Prefecture Horgos City"
